filename,width,height,class,xmin,ymin,xmax,ymax
1_png.rf.df7424c5c18a0aedc0eaf7227c0ee8ad.jpg,320,240,other,186,150,207,180
1_png.rf.df7424c5c18a0aedc0eaf7227c0ee8ad.jpg,320,240,other,105,135,163,191
1_png.rf.df7424c5c18a0aedc0eaf7227c0ee8ad.jpg,320,240,other,166,89,208,141
1_png.rf.df7424c5c18a0aedc0eaf7227c0ee8ad.jpg,320,240,other,235,93,267,128
1_png.rf.df7424c5c18a0aedc0eaf7227c0ee8ad.jpg,320,240,other,203,101,220,125
1_png.rf.df7424c5c18a0aedc0eaf7227c0ee8ad.jpg,320,240,other,87,139,103,157
1_png.rf.df7424c5c18a0aedc0eaf7227c0ee8ad.jpg,320,240,truck,104,87,210,189
10_png.rf.1d8962d3cb70376ad354e31360901ae7.jpg,320,240,other,146,141,165,167
10_png.rf.1d8962d3cb70376ad354e31360901ae7.jpg,320,240,other,181,136,198,164
10_png.rf.1d8962d3cb70376ad354e31360901ae7.jpg,320,240,other,0,175,36,239
10_png.rf.1d8962d3cb70376ad354e31360901ae7.jpg,320,240,other,45,130,91,170
10_png.rf.1d8962d3cb70376ad354e31360901ae7.jpg,320,240,other,205,105,228,125
10_png.rf.1d8962d3cb70376ad354e31360901ae7.jpg,320,240,other,160,119,192,147
10_png.rf.1d8962d3cb70376ad354e31360901ae7.jpg,320,240,other,246,96,270,122
10_png.rf.1d8962d3cb70376ad354e31360901ae7.jpg,320,240,other,102,132,114,149
10_png.rf.1d8962d3cb70376ad354e31360901ae7.jpg,320,240,other,194,102,207,120
10_png.rf.1d8962d3cb70376ad354e31360901ae7.jpg,320,240,other,235,94,252,113
10_png.rf.1d8962d3cb70376ad354e31360901ae7.jpg,320,240,other,213,0,319,40
10_png.rf.1d8962d3cb70376ad354e31360901ae7.jpg,320,240,other,195,87,277,126
10_png.rf.1d8962d3cb70376ad354e31360901ae7.jpg,320,240,other,222,97,239,113
10_png.rf.1d8962d3cb70376ad354e31360901ae7.jpg,320,240,other,171,107,183,123
10_png.rf.1d8962d3cb70376ad354e31360901ae7.jpg,320,240,other,123,126,135,143
11_png.rf.bdfbbe0951d41105f9290648dbe91fd5.jpg,320,240,other,199,117,213,139
11_png.rf.bdfbbe0951d41105f9290648dbe91fd5.jpg,320,240,other,170,109,200,138
11_png.rf.bdfbbe0951d41105f9290648dbe91fd5.jpg,320,240,other,73,141,140,204
11_png.rf.bdfbbe0951d41105f9290648dbe91fd5.jpg,320,240,other,217,107,229,127
11_png.rf.bdfbbe0951d41105f9290648dbe91fd5.jpg,320,240,other,116,112,147,140
11_png.rf.bdfbbe0951d41105f9290648dbe91fd5.jpg,320,240,other,151,110,173,131
11_png.rf.bdfbbe0951d41105f9290648dbe91fd5.jpg,320,240,other,0,168,10,194
11_png.rf.bdfbbe0951d41105f9290648dbe91fd5.jpg,320,240,other,41,155,58,176
11_png.rf.bdfbbe0951d41105f9290648dbe91fd5.jpg,320,240,other,217,98,237,118
11_png.rf.bdfbbe0951d41105f9290648dbe91fd5.jpg,320,240,other,64,134,96,164
11_png.rf.bdfbbe0951d41105f9290648dbe91fd5.jpg,320,240,other,228,104,260,130
11_png.rf.bdfbbe0951d41105f9290648dbe91fd5.jpg,320,240,other,195,98,213,115
11_png.rf.bdfbbe0951d41105f9290648dbe91fd5.jpg,320,240,other,91,124,124,144
11_png.rf.bdfbbe0951d41105f9290648dbe91fd5.jpg,320,240,other,142,119,155,140
12_png.rf.5f73690be979067b36e2d51a6ff10930.jpg,320,240,other,122,130,159,161
12_png.rf.5f73690be979067b36e2d51a6ff10930.jpg,320,240,other,49,156,108,201
12_png.rf.5f73690be979067b36e2d51a6ff10930.jpg,320,240,other,0,154,47,192
12_png.rf.5f73690be979067b36e2d51a6ff10930.jpg,320,240,other,160,129,176,153
12_png.rf.5f73690be979067b36e2d51a6ff10930.jpg,320,240,other,83,130,118,158
12_png.rf.5f73690be979067b36e2d51a6ff10930.jpg,320,240,other,175,118,218,156
12_png.rf.5f73690be979067b36e2d51a6ff10930.jpg,320,240,other,240,92,270,126
12_png.rf.5f73690be979067b36e2d51a6ff10930.jpg,320,240,other,211,98,234,120
12_png.rf.5f73690be979067b36e2d51a6ff10930.jpg,320,240,other,219,107,232,123
12_png.rf.5f73690be979067b36e2d51a6ff10930.jpg,320,240,other,212,0,319,40
12_png.rf.5f73690be979067b36e2d51a6ff10930.jpg,320,240,other,173,100,195,120
12_png.rf.5f73690be979067b36e2d51a6ff10930.jpg,320,240,other,134,118,166,138
13_png.rf.6a7ca917ecbc40f644368923e95b367f.jpg,320,240,motorcycle,179,155,203,209
13_png.rf.6a7ca917ecbc40f644368923e95b367f.jpg,320,240,other,150,128,186,157
13_png.rf.6a7ca917ecbc40f644368923e95b367f.jpg,320,240,other,0,142,43,188
13_png.rf.6a7ca917ecbc40f644368923e95b367f.jpg,320,240,other,141,109,168,135
13_png.rf.6a7ca917ecbc40f644368923e95b367f.jpg,320,240,other,94,132,149,183
13_png.rf.6a7ca917ecbc40f644368923e95b367f.jpg,320,240,other,209,98,250,135
13_png.rf.6a7ca917ecbc40f644368923e95b367f.jpg,320,240,other,180,106,203,124
13_png.rf.6a7ca917ecbc40f644368923e95b367f.jpg,320,240,other,83,131,111,159
13_png.rf.6a7ca917ecbc40f644368923e95b367f.jpg,320,240,other,156,105,177,127
13_png.rf.6a7ca917ecbc40f644368923e95b367f.jpg,320,240,other,244,101,258,127
13_png.rf.6a7ca917ecbc40f644368923e95b367f.jpg,320,240,other,206,83,242,120
14_png.rf.cfb56afdcbb6d69c36d87c101c36aafd.jpg,320,240,motorcycle,226,99,271,153
14_png.rf.cfb56afdcbb6d69c36d87c101c36aafd.jpg,320,240,other,6,156,84,225
14_png.rf.cfb56afdcbb6d69c36d87c101c36aafd.jpg,320,240,other,166,111,200,144
14_png.rf.cfb56afdcbb6d69c36d87c101c36aafd.jpg,320,240,other,100,117,135,148
14_png.rf.cfb56afdcbb6d69c36d87c101c36aafd.jpg,320,240,other,191,106,218,132
14_png.rf.cfb56afdcbb6d69c36d87c101c36aafd.jpg,320,240,other,71,156,106,195
14_png.rf.cfb56afdcbb6d69c36d87c101c36aafd.jpg,320,240,other,0,153,34,190
14_png.rf.cfb56afdcbb6d69c36d87c101c36aafd.jpg,320,240,other,231,114,258,152
14_png.rf.cfb56afdcbb6d69c36d87c101c36aafd.jpg,320,240,other,238,102,264,127
14_png.rf.cfb56afdcbb6d69c36d87c101c36aafd.jpg,320,240,other,243,114,258,141
14_png.rf.cfb56afdcbb6d69c36d87c101c36aafd.jpg,320,240,other,252,99,273,121
15_png.rf.96a036bea55385e51349c691881447bc.jpg,320,240,motorcycle,117,123,141,154
15_png.rf.96a036bea55385e51349c691881447bc.jpg,320,240,motorcycle,57,130,83,167
15_png.rf.96a036bea55385e51349c691881447bc.jpg,320,240,other,63,146,78,165
15_png.rf.96a036bea55385e51349c691881447bc.jpg,320,240,other,0,141,43,192
15_png.rf.96a036bea55385e51349c691881447bc.jpg,320,240,other,169,113,200,147
15_png.rf.96a036bea55385e51349c691881447bc.jpg,320,240,other,207,89,250,142
15_png.rf.96a036bea55385e51349c691881447bc.jpg,320,240,other,166,101,195,128
15_png.rf.96a036bea55385e51349c691881447bc.jpg,320,240,other,253,110,267,136
15_png.rf.96a036bea55385e51349c691881447bc.jpg,320,240,other,122,134,136,151
15_png.rf.96a036bea55385e51349c691881447bc.jpg,320,240,other,246,100,263,126
15_png.rf.96a036bea55385e51349c691881447bc.jpg,320,240,truck,166,89,251,146
16_png.rf.377116b58c7d20e975493b81cc2bf392.jpg,320,240,motorcycle,171,171,196,224
16_png.rf.377116b58c7d20e975493b81cc2bf392.jpg,320,240,other,97,139,161,197
16_png.rf.377116b58c7d20e975493b81cc2bf392.jpg,320,240,other,191,105,216,128
16_png.rf.377116b58c7d20e975493b81cc2bf392.jpg,320,240,other,0,116,103,239
16_png.rf.377116b58c7d20e975493b81cc2bf392.jpg,320,240,other,223,105,254,138
16_png.rf.377116b58c7d20e975493b81cc2bf392.jpg,320,240,other,170,102,193,123
16_png.rf.377116b58c7d20e975493b81cc2bf392.jpg,320,240,other,215,106,226,121
16_png.rf.377116b58c7d20e975493b81cc2bf392.jpg,320,240,other,168,129,186,157
16_png.rf.377116b58c7d20e975493b81cc2bf392.jpg,320,240,other,116,123,151,143
16_png.rf.377116b58c7d20e975493b81cc2bf392.jpg,320,240,other,248,99,274,122
16_png.rf.377116b58c7d20e975493b81cc2bf392.jpg,320,240,other,147,119,178,144
16_png.rf.377116b58c7d20e975493b81cc2bf392.jpg,320,240,other,246,105,266,129
16_png.rf.377116b58c7d20e975493b81cc2bf392.jpg,320,240,other,206,100,225,118
17_png.rf.73b4d912b0b532de356dd2e18e50c6e9.jpg,320,240,motorcycle,176,128,194,157
17_png.rf.73b4d912b0b532de356dd2e18e50c6e9.jpg,320,240,other,82,82,147,150
17_png.rf.73b4d912b0b532de356dd2e18e50c6e9.jpg,320,240,other,6,109,85,182
17_png.rf.73b4d912b0b532de356dd2e18e50c6e9.jpg,320,240,other,0,182,66,239
17_png.rf.73b4d912b0b532de356dd2e18e50c6e9.jpg,320,240,other,146,123,180,153
17_png.rf.73b4d912b0b532de356dd2e18e50c6e9.jpg,320,240,other,185,106,211,129
17_png.rf.73b4d912b0b532de356dd2e18e50c6e9.jpg,320,240,other,216,100,238,125
17_png.rf.73b4d912b0b532de356dd2e18e50c6e9.jpg,320,240,other,233,100,267,133
17_png.rf.73b4d912b0b532de356dd2e18e50c6e9.jpg,320,240,truck,6,80,148,181
18_png.rf.7d73ddbb7cc59c02e69d3b3d555b8928.jpg,320,240,other,104,139,150,177
18_png.rf.7d73ddbb7cc59c02e69d3b3d555b8928.jpg,320,240,other,149,115,181,146
18_png.rf.7d73ddbb7cc59c02e69d3b3d555b8928.jpg,320,240,other,0,181,54,239
18_png.rf.7d73ddbb7cc59c02e69d3b3d555b8928.jpg,320,240,other,209,137,233,171
18_png.rf.7d73ddbb7cc59c02e69d3b3d555b8928.jpg,320,240,other,32,143,77,175
18_png.rf.7d73ddbb7cc59c02e69d3b3d555b8928.jpg,320,240,other,209,113,244,149
18_png.rf.7d73ddbb7cc59c02e69d3b3d555b8928.jpg,320,240,other,181,130,198,154
18_png.rf.7d73ddbb7cc59c02e69d3b3d555b8928.jpg,320,240,other,189,87,218,120
18_png.rf.7d73ddbb7cc59c02e69d3b3d555b8928.jpg,320,240,other,226,106,253,134
18_png.rf.7d73ddbb7cc59c02e69d3b3d555b8928.jpg,320,240,other,214,88,242,116
18_png.rf.7d73ddbb7cc59c02e69d3b3d555b8928.jpg,320,240,other,42,153,60,180
18_png.rf.7d73ddbb7cc59c02e69d3b3d555b8928.jpg,320,240,other,144,112,169,134
18_png.rf.7d73ddbb7cc59c02e69d3b3d555b8928.jpg,320,240,other,165,104,190,123
18_png.rf.7d73ddbb7cc59c02e69d3b3d555b8928.jpg,320,240,truck,208,77,250,149
19_png.rf.87c0e87e87f6dbb96ee9091f518f3484.jpg,320,240,motorcycle,100,214,150,239
19_png.rf.87c0e87e87f6dbb96ee9091f518f3484.jpg,320,240,motorcycle,81,200,152,239
19_png.rf.87c0e87e87f6dbb96ee9091f518f3484.jpg,320,240,other,151,124,198,170
19_png.rf.87c0e87e87f6dbb96ee9091f518f3484.jpg,320,240,other,96,141,151,197
19_png.rf.87c0e87e87f6dbb96ee9091f518f3484.jpg,320,240,other,0,95,105,239
19_png.rf.87c0e87e87f6dbb96ee9091f518f3484.jpg,320,240,other,238,101,265,129
19_png.rf.87c0e87e87f6dbb96ee9091f518f3484.jpg,320,240,other,100,112,152,146
19_png.rf.87c0e87e87f6dbb96ee9091f518f3484.jpg,320,240,other,203,110,229,136
19_png.rf.87c0e87e87f6dbb96ee9091f518f3484.jpg,320,240,other,159,95,199,129
19_png.rf.87c0e87e87f6dbb96ee9091f518f3484.jpg,320,240,other,0,153,12,239
19_png.rf.87c0e87e87f6dbb96ee9091f518f3484.jpg,320,240,other,173,110,203,140
19_png.rf.87c0e87e87f6dbb96ee9091f518f3484.jpg,320,240,other,99,125,134,147
2_png.rf.c4556d7fc52b9a208c83c63ebb1820a7.jpg,320,240,other,107,177,136,221
2_png.rf.c4556d7fc52b9a208c83c63ebb1820a7.jpg,320,240,other,0,161,69,230
2_png.rf.c4556d7fc52b9a208c83c63ebb1820a7.jpg,320,240,other,210,112,245,149
2_png.rf.c4556d7fc52b9a208c83c63ebb1820a7.jpg,320,240,other,138,125,175,158
2_png.rf.c4556d7fc52b9a208c83c63ebb1820a7.jpg,320,240,other,62,129,108,169
2_png.rf.c4556d7fc52b9a208c83c63ebb1820a7.jpg,320,240,other,181,124,195,146
2_png.rf.c4556d7fc52b9a208c83c63ebb1820a7.jpg,320,240,other,103,126,137,153
2_png.rf.c4556d7fc52b9a208c83c63ebb1820a7.jpg,320,240,other,8,142,62,177
2_png.rf.c4556d7fc52b9a208c83c63ebb1820a7.jpg,320,240,other,232,107,262,138
2_png.rf.c4556d7fc52b9a208c83c63ebb1820a7.jpg,320,240,other,201,103,226,129
2_png.rf.c4556d7fc52b9a208c83c63ebb1820a7.jpg,320,240,other,283,44,319,112
2_png.rf.c4556d7fc52b9a208c83c63ebb1820a7.jpg,320,240,other,140,109,172,131
2_png.rf.c4556d7fc52b9a208c83c63ebb1820a7.jpg,320,240,other,93,117,126,140
2_png.rf.c4556d7fc52b9a208c83c63ebb1820a7.jpg,320,240,other,166,103,191,124
2_png.rf.c4556d7fc52b9a208c83c63ebb1820a7.jpg,320,240,truck,0,84,275,229
20_png.rf.1116687d3fe4111cdc4e7e25e737e619.jpg,320,240,other,60,173,88,209
20_png.rf.1116687d3fe4111cdc4e7e25e737e619.jpg,320,240,other,78,131,118,162
20_png.rf.1116687d3fe4111cdc4e7e25e737e619.jpg,320,240,other,173,117,211,158
20_png.rf.1116687d3fe4111cdc4e7e25e737e619.jpg,320,240,other,0,110,53,198
20_png.rf.1116687d3fe4111cdc4e7e25e737e619.jpg,320,240,other,140,120,176,156
20_png.rf.1116687d3fe4111cdc4e7e25e737e619.jpg,320,240,other,106,221,130,239
20_png.rf.1116687d3fe4111cdc4e7e25e737e619.jpg,320,240,other,54,124,90,157
20_png.rf.1116687d3fe4111cdc4e7e25e737e619.jpg,320,240,other,66,185,86,209
20_png.rf.1116687d3fe4111cdc4e7e25e737e619.jpg,320,240,other,240,98,270,121
20_png.rf.1116687d3fe4111cdc4e7e25e737e619.jpg,320,240,other,221,107,233,125
20_png.rf.1116687d3fe4111cdc4e7e25e737e619.jpg,320,240,other,196,107,221,127
20_png.rf.1116687d3fe4111cdc4e7e25e737e619.jpg,320,240,other,131,113,153,140
20_png.rf.1116687d3fe4111cdc4e7e25e737e619.jpg,320,240,other,140,114,212,159
21_png.rf.631a9d05222d7313dec6adab356deaf7.jpg,320,240,other,109,162,134,198
21_png.rf.631a9d05222d7313dec6adab356deaf7.jpg,320,240,other,111,127,161,172
21_png.rf.631a9d05222d7313dec6adab356deaf7.jpg,320,240,other,128,211,164,239
21_png.rf.631a9d05222d7313dec6adab356deaf7.jpg,320,240,other,197,132,234,167
21_png.rf.631a9d05222d7313dec6adab356deaf7.jpg,320,240,other,223,97,246,120
21_png.rf.631a9d05222d7313dec6adab356deaf7.jpg,320,240,other,127,112,156,133
21_png.rf.631a9d05222d7313dec6adab356deaf7.jpg,320,240,other,247,95,277,119
21_png.rf.631a9d05222d7313dec6adab356deaf7.jpg,320,240,other,159,119,175,143
21_png.rf.631a9d05222d7313dec6adab356deaf7.jpg,320,240,other,160,106,183,129
21_png.rf.631a9d05222d7313dec6adab356deaf7.jpg,320,240,other,213,0,319,40
21_png.rf.631a9d05222d7313dec6adab356deaf7.jpg,320,240,other,107,125,132,150
21_png.rf.631a9d05222d7313dec6adab356deaf7.jpg,320,240,other,300,101,319,122
21_png.rf.631a9d05222d7313dec6adab356deaf7.jpg,320,240,other,191,116,203,134
21_png.rf.631a9d05222d7313dec6adab356deaf7.jpg,320,240,other,246,115,264,137
21_png.rf.631a9d05222d7313dec6adab356deaf7.jpg,320,240,truck,104,111,163,197
22_png.rf.8383c06581b294e7a80c1106ba532ec8.jpg,320,240,motorcycle,96,189,156,239
22_png.rf.8383c06581b294e7a80c1106ba532ec8.jpg,320,240,other,99,93,178,169
22_png.rf.8383c06581b294e7a80c1106ba532ec8.jpg,320,240,other,0,195,19,239
22_png.rf.8383c06581b294e7a80c1106ba532ec8.jpg,320,240,other,108,208,152,239
22_png.rf.8383c06581b294e7a80c1106ba532ec8.jpg,320,240,other,217,98,241,123
22_png.rf.8383c06581b294e7a80c1106ba532ec8.jpg,320,240,other,173,107,193,126
22_png.rf.8383c06581b294e7a80c1106ba532ec8.jpg,320,240,other,205,142,224,174
22_png.rf.8383c06581b294e7a80c1106ba532ec8.jpg,320,240,other,99,191,140,224
22_png.rf.8383c06581b294e7a80c1106ba532ec8.jpg,320,240,other,246,95,277,119
22_png.rf.8383c06581b294e7a80c1106ba532ec8.jpg,320,240,other,283,43,319,110
22_png.rf.8383c06581b294e7a80c1106ba532ec8.jpg,320,240,truck,95,90,177,239
23_png.rf.01dba4427cc7ccf945dcbcec8bbc2558.jpg,320,240,other,188,121,205,145
23_png.rf.01dba4427cc7ccf945dcbcec8bbc2558.jpg,320,240,other,232,105,259,135
23_png.rf.01dba4427cc7ccf945dcbcec8bbc2558.jpg,320,240,other,80,133,136,187
23_png.rf.01dba4427cc7ccf945dcbcec8bbc2558.jpg,320,240,other,1,168,78,239
23_png.rf.01dba4427cc7ccf945dcbcec8bbc2558.jpg,320,240,other,124,123,165,165
23_png.rf.01dba4427cc7ccf945dcbcec8bbc2558.jpg,320,240,other,202,103,228,128
23_png.rf.01dba4427cc7ccf945dcbcec8bbc2558.jpg,320,240,other,189,86,277,143
23_png.rf.01dba4427cc7ccf945dcbcec8bbc2558.jpg,320,240,other,191,95,217,123
24_png.rf.30ec69a295d76c1694fe638dd862940b.jpg,320,240,motorcycle,214,99,236,126
24_png.rf.30ec69a295d76c1694fe638dd862940b.jpg,320,240,motorcycle,220,109,229,121
24_png.rf.30ec69a295d76c1694fe638dd862940b.jpg,320,240,other,2,148,55,189
24_png.rf.30ec69a295d76c1694fe638dd862940b.jpg,320,240,other,100,137,161,195
24_png.rf.30ec69a295d76c1694fe638dd862940b.jpg,320,240,other,168,112,198,139
24_png.rf.30ec69a295d76c1694fe638dd862940b.jpg,320,240,other,219,105,231,123
24_png.rf.30ec69a295d76c1694fe638dd862940b.jpg,320,240,other,72,136,102,167
24_png.rf.30ec69a295d76c1694fe638dd862940b.jpg,320,240,other,237,99,263,124
24_png.rf.30ec69a295d76c1694fe638dd862940b.jpg,320,240,other,221,99,239,117
24_png.rf.30ec69a295d76c1694fe638dd862940b.jpg,320,240,other,138,128,171,158
24_png.rf.30ec69a295d76c1694fe638dd862940b.jpg,320,240,other,151,88,202,122
24_png.rf.30ec69a295d76c1694fe638dd862940b.jpg,320,240,other,89,130,138,180
24_png.rf.30ec69a295d76c1694fe638dd862940b.jpg,320,240,other,255,97,275,119
24_png.rf.30ec69a295d76c1694fe638dd862940b.jpg,320,240,other,264,113,277,136
24_png.rf.30ec69a295d76c1694fe638dd862940b.jpg,320,240,other,202,99,212,112
24_png.rf.30ec69a295d76c1694fe638dd862940b.jpg,320,240,truck,73,119,174,198
25_png.rf.e1472bb97638c10a0a1f38d7eb806123.jpg,320,240,motorcycle,54,136,73,166
25_png.rf.e1472bb97638c10a0a1f38d7eb806123.jpg,320,240,other,119,137,160,170
25_png.rf.e1472bb97638c10a0a1f38d7eb806123.jpg,320,240,other,161,118,193,148
25_png.rf.e1472bb97638c10a0a1f38d7eb806123.jpg,320,240,other,209,104,236,132
25_png.rf.e1472bb97638c10a0a1f38d7eb806123.jpg,320,240,other,81,130,121,162
25_png.rf.e1472bb97638c10a0a1f38d7eb806123.jpg,320,240,other,0,146,40,195
25_png.rf.e1472bb97638c10a0a1f38d7eb806123.jpg,320,240,other,27,146,63,177
25_png.rf.e1472bb97638c10a0a1f38d7eb806123.jpg,320,240,other,191,135,210,159
25_png.rf.e1472bb97638c10a0a1f38d7eb806123.jpg,320,240,other,124,115,157,142
25_png.rf.e1472bb97638c10a0a1f38d7eb806123.jpg,320,240,other,244,99,276,123
25_png.rf.e1472bb97638c10a0a1f38d7eb806123.jpg,320,240,other,0,199,23,239
25_png.rf.e1472bb97638c10a0a1f38d7eb806123.jpg,320,240,other,283,44,319,109
25_png.rf.e1472bb97638c10a0a1f38d7eb806123.jpg,320,240,other,56,147,71,167
25_png.rf.e1472bb97638c10a0a1f38d7eb806123.jpg,320,240,other,181,109,205,131
25_png.rf.e1472bb97638c10a0a1f38d7eb806123.jpg,320,240,other,74,123,109,155
25_png.rf.e1472bb97638c10a0a1f38d7eb806123.jpg,320,240,other,213,0,319,40
25_png.rf.e1472bb97638c10a0a1f38d7eb806123.jpg,320,240,other,202,100,215,116
25_png.rf.e1472bb97638c10a0a1f38d7eb806123.jpg,320,240,other,74,141,86,158
26_png.rf.f44837f4f04c13d0c47feb10c2636a06.jpg,320,240,other,137,188,165,233
26_png.rf.f44837f4f04c13d0c47feb10c2636a06.jpg,320,240,other,0,177,56,239
26_png.rf.f44837f4f04c13d0c47feb10c2636a06.jpg,320,240,other,111,138,162,184
26_png.rf.f44837f4f04c13d0c47feb10c2636a06.jpg,320,240,other,0,143,55,183
26_png.rf.f44837f4f04c13d0c47feb10c2636a06.jpg,320,240,other,91,119,130,154
26_png.rf.f44837f4f04c13d0c47feb10c2636a06.jpg,320,240,other,159,125,194,154
26_png.rf.f44837f4f04c13d0c47feb10c2636a06.jpg,320,240,other,161,86,205,123
26_png.rf.f44837f4f04c13d0c47feb10c2636a06.jpg,320,240,other,199,129,216,151
26_png.rf.f44837f4f04c13d0c47feb10c2636a06.jpg,320,240,other,215,99,238,123
26_png.rf.f44837f4f04c13d0c47feb10c2636a06.jpg,320,240,other,244,98,268,120
26_png.rf.f44837f4f04c13d0c47feb10c2636a06.jpg,320,240,other,148,113,170,134
26_png.rf.f44837f4f04c13d0c47feb10c2636a06.jpg,320,240,other,210,146,230,175
26_png.rf.f44837f4f04c13d0c47feb10c2636a06.jpg,320,240,other,116,113,147,139
26_png.rf.f44837f4f04c13d0c47feb10c2636a06.jpg,320,240,other,282,44,319,109
26_png.rf.f44837f4f04c13d0c47feb10c2636a06.jpg,320,240,other,162,105,191,128
26_png.rf.f44837f4f04c13d0c47feb10c2636a06.jpg,320,240,other,204,99,220,117
27_png.rf.4538050f8bb9ba5890f56b864c9dc974.jpg,320,240,motorcycle,127,188,174,239
27_png.rf.4538050f8bb9ba5890f56b864c9dc974.jpg,320,240,other,125,125,171,171
27_png.rf.4538050f8bb9ba5890f56b864c9dc974.jpg,320,240,other,5,158,96,239
27_png.rf.4538050f8bb9ba5890f56b864c9dc974.jpg,320,240,other,209,120,225,146
27_png.rf.4538050f8bb9ba5890f56b864c9dc974.jpg,320,240,other,165,120,195,147
27_png.rf.4538050f8bb9ba5890f56b864c9dc974.jpg,320,240,other,237,101,264,128
27_png.rf.4538050f8bb9ba5890f56b864c9dc974.jpg,320,240,other,76,131,115,160
27_png.rf.4538050f8bb9ba5890f56b864c9dc974.jpg,320,240,other,183,106,211,135
27_png.rf.4538050f8bb9ba5890f56b864c9dc974.jpg,320,240,other,140,205,172,239
27_png.rf.4538050f8bb9ba5890f56b864c9dc974.jpg,320,240,other,103,99,164,145
27_png.rf.4538050f8bb9ba5890f56b864c9dc974.jpg,320,240,other,128,201,153,239
27_png.rf.4538050f8bb9ba5890f56b864c9dc974.jpg,320,240,other,0,206,24,239
27_png.rf.4538050f8bb9ba5890f56b864c9dc974.jpg,320,240,other,214,103,234,120
27_png.rf.4538050f8bb9ba5890f56b864c9dc974.jpg,320,240,other,159,104,180,123
27_png.rf.4538050f8bb9ba5890f56b864c9dc974.jpg,320,240,truck,2,83,276,238
28_png.rf.783d58ff37fc485271de0cb34eef2092.jpg,320,240,motorcycle,61,134,80,164
28_png.rf.783d58ff37fc485271de0cb34eef2092.jpg,320,240,other,13,140,74,191
28_png.rf.783d58ff37fc485271de0cb34eef2092.jpg,320,240,other,164,103,205,147
28_png.rf.783d58ff37fc485271de0cb34eef2092.jpg,320,240,other,211,94,241,122
28_png.rf.783d58ff37fc485271de0cb34eef2092.jpg,320,240,other,236,100,262,127
28_png.rf.783d58ff37fc485271de0cb34eef2092.jpg,320,240,other,244,112,257,133
28_png.rf.783d58ff37fc485271de0cb34eef2092.jpg,320,240,other,230,116,242,131
28_png.rf.783d58ff37fc485271de0cb34eef2092.jpg,320,240,other,283,45,319,110
28_png.rf.783d58ff37fc485271de0cb34eef2092.jpg,320,240,other,68,147,80,165
28_png.rf.783d58ff37fc485271de0cb34eef2092.jpg,320,240,other,224,111,259,132
28_png.rf.783d58ff37fc485271de0cb34eef2092.jpg,320,240,other,259,95,279,116
29_png.rf.bf771938ad2ecbcdd272ea9cfdff89d0.jpg,320,240,motorcycle,218,139,231,162
29_png.rf.bf771938ad2ecbcdd272ea9cfdff89d0.jpg,320,240,motorcycle,215,130,234,163
29_png.rf.bf771938ad2ecbcdd272ea9cfdff89d0.jpg,320,240,other,93,141,141,178
29_png.rf.bf771938ad2ecbcdd272ea9cfdff89d0.jpg,320,240,other,1,166,99,239
29_png.rf.bf771938ad2ecbcdd272ea9cfdff89d0.jpg,320,240,other,123,122,166,162
29_png.rf.bf771938ad2ecbcdd272ea9cfdff89d0.jpg,320,240,other,78,121,117,155
29_png.rf.bf771938ad2ecbcdd272ea9cfdff89d0.jpg,320,240,other,240,93,259,113
29_png.rf.bf771938ad2ecbcdd272ea9cfdff89d0.jpg,320,240,other,161,103,186,126
29_png.rf.bf771938ad2ecbcdd272ea9cfdff89d0.jpg,320,240,other,186,103,207,120
29_png.rf.bf771938ad2ecbcdd272ea9cfdff89d0.jpg,320,240,other,229,109,242,127
29_png.rf.bf771938ad2ecbcdd272ea9cfdff89d0.jpg,320,240,other,259,96,279,117
29_png.rf.bf771938ad2ecbcdd272ea9cfdff89d0.jpg,320,240,other,128,112,161,128
29_png.rf.bf771938ad2ecbcdd272ea9cfdff89d0.jpg,320,240,other,218,97,237,114
29_png.rf.bf771938ad2ecbcdd272ea9cfdff89d0.jpg,320,240,other,43,155,97,182
29_png.rf.bf771938ad2ecbcdd272ea9cfdff89d0.jpg,320,240,other,192,97,213,114
29_png.rf.bf771938ad2ecbcdd272ea9cfdff89d0.jpg,320,240,truck,1,112,167,239
3_png.rf.5580812d209ac21aadbbc856b1d1088e.jpg,320,240,other,66,150,92,170
3_png.rf.5580812d209ac21aadbbc856b1d1088e.jpg,320,240,other,0,166,100,239
3_png.rf.5580812d209ac21aadbbc856b1d1088e.jpg,320,240,other,124,123,158,150
3_png.rf.5580812d209ac21aadbbc856b1d1088e.jpg,320,240,other,162,103,204,150
3_png.rf.5580812d209ac21aadbbc856b1d1088e.jpg,320,240,other,217,100,253,141
3_png.rf.5580812d209ac21aadbbc856b1d1088e.jpg,320,240,other,243,97,270,126
3_png.rf.5580812d209ac21aadbbc856b1d1088e.jpg,320,240,other,283,43,319,117
3_png.rf.5580812d209ac21aadbbc856b1d1088e.jpg,320,240,other,307,106,319,123
3_png.rf.5580812d209ac21aadbbc856b1d1088e.jpg,320,240,truck,160,95,268,148
3_png.rf.5580812d209ac21aadbbc856b1d1088e.jpg,320,240,truck,0,88,274,238
30_png.rf.c9e5b959d7f506245f18fac82204f372.jpg,320,240,other,188,117,201,140
30_png.rf.c9e5b959d7f506245f18fac82204f372.jpg,320,240,other,233,104,259,133
30_png.rf.c9e5b959d7f506245f18fac82204f372.jpg,320,240,other,206,104,235,130
30_png.rf.c9e5b959d7f506245f18fac82204f372.jpg,320,240,other,133,120,172,157
30_png.rf.c9e5b959d7f506245f18fac82204f372.jpg,320,240,other,162,111,189,137
30_png.rf.c9e5b959d7f506245f18fac82204f372.jpg,320,240,other,252,97,272,119
30_png.rf.c9e5b959d7f506245f18fac82204f372.jpg,320,240,other,124,116,145,136
30_png.rf.c9e5b959d7f506245f18fac82204f372.jpg,320,240,other,282,44,319,111
30_png.rf.c9e5b959d7f506245f18fac82204f372.jpg,320,240,other,212,97,230,108
30_png.rf.c9e5b959d7f506245f18fac82204f372.jpg,320,240,truck,128,91,271,155
31_png.rf.a779e45d43b7b5a5638035b6f6392abb.jpg,320,240,motorcycle,75,132,106,171
31_png.rf.a779e45d43b7b5a5638035b6f6392abb.jpg,320,240,motorcycle,83,149,98,167
31_png.rf.a779e45d43b7b5a5638035b6f6392abb.jpg,320,240,other,80,140,100,169
31_png.rf.a779e45d43b7b5a5638035b6f6392abb.jpg,320,240,other,145,117,178,149
31_png.rf.a779e45d43b7b5a5638035b6f6392abb.jpg,320,240,other,11,146,70,193
31_png.rf.a779e45d43b7b5a5638035b6f6392abb.jpg,320,240,other,80,126,121,160
31_png.rf.a779e45d43b7b5a5638035b6f6392abb.jpg,320,240,other,106,124,140,151
31_png.rf.a779e45d43b7b5a5638035b6f6392abb.jpg,320,240,other,184,98,238,148
31_png.rf.a779e45d43b7b5a5638035b6f6392abb.jpg,320,240,other,165,83,217,135
31_png.rf.a779e45d43b7b5a5638035b6f6392abb.jpg,320,240,other,143,108,172,130
31_png.rf.a779e45d43b7b5a5638035b6f6392abb.jpg,320,240,other,26,137,69,162
31_png.rf.a779e45d43b7b5a5638035b6f6392abb.jpg,320,240,other,231,108,250,139
31_png.rf.a779e45d43b7b5a5638035b6f6392abb.jpg,320,240,other,101,116,133,134
31_png.rf.a779e45d43b7b5a5638035b6f6392abb.jpg,320,240,truck,10,79,274,192
32_png.rf.8f06f79e32384209188093fe85781e22.jpg,320,240,other,58,152,133,224
32_png.rf.8f06f79e32384209188093fe85781e22.jpg,320,240,other,144,122,177,149
32_png.rf.8f06f79e32384209188093fe85781e22.jpg,320,240,other,90,128,129,153
32_png.rf.8f06f79e32384209188093fe85781e22.jpg,320,240,other,179,120,193,143
32_png.rf.8f06f79e32384209188093fe85781e22.jpg,320,240,other,30,144,93,207
32_png.rf.8f06f79e32384209188093fe85781e22.jpg,320,240,other,124,110,153,138
32_png.rf.8f06f79e32384209188093fe85781e22.jpg,320,240,other,191,110,211,142
32_png.rf.8f06f79e32384209188093fe85781e22.jpg,320,240,other,237,105,260,133
32_png.rf.8f06f79e32384209188093fe85781e22.jpg,320,240,other,0,164,6,193
32_png.rf.8f06f79e32384209188093fe85781e22.jpg,320,240,other,167,109,194,135
32_png.rf.8f06f79e32384209188093fe85781e22.jpg,320,240,other,0,165,6,239
32_png.rf.8f06f79e32384209188093fe85781e22.jpg,320,240,other,204,99,246,156
32_png.rf.8f06f79e32384209188093fe85781e22.jpg,320,240,other,239,126,248,149
32_png.rf.8f06f79e32384209188093fe85781e22.jpg,320,240,other,90,119,125,137
32_png.rf.8f06f79e32384209188093fe85781e22.jpg,320,240,other,0,189,4,239
32_png.rf.8f06f79e32384209188093fe85781e22.jpg,320,240,other,150,109,172,126
32_png.rf.8f06f79e32384209188093fe85781e22.jpg,320,240,other,253,96,276,120
32_png.rf.8f06f79e32384209188093fe85781e22.jpg,320,240,truck,28,84,276,223
33_png.rf.b1304842d70332708ed92e02bf7d29ad.jpg,320,240,motorcycle,174,125,197,155
33_png.rf.b1304842d70332708ed92e02bf7d29ad.jpg,320,240,other,123,124,161,157
33_png.rf.b1304842d70332708ed92e02bf7d29ad.jpg,320,240,other,0,178,50,239
33_png.rf.b1304842d70332708ed92e02bf7d29ad.jpg,320,240,other,35,178,92,229
33_png.rf.b1304842d70332708ed92e02bf7d29ad.jpg,320,240,other,153,114,182,145
33_png.rf.b1304842d70332708ed92e02bf7d29ad.jpg,320,240,other,205,108,244,155
33_png.rf.b1304842d70332708ed92e02bf7d29ad.jpg,320,240,other,237,105,260,132
33_png.rf.b1304842d70332708ed92e02bf7d29ad.jpg,320,240,other,115,115,145,146
33_png.rf.b1304842d70332708ed92e02bf7d29ad.jpg,320,240,other,195,107,214,134
33_png.rf.b1304842d70332708ed92e02bf7d29ad.jpg,320,240,other,104,131,115,145
33_png.rf.b1304842d70332708ed92e02bf7d29ad.jpg,320,240,other,179,109,199,129
33_png.rf.b1304842d70332708ed92e02bf7d29ad.jpg,320,240,other,245,99,268,126
33_png.rf.b1304842d70332708ed92e02bf7d29ad.jpg,320,240,other,103,113,127,138
33_png.rf.b1304842d70332708ed92e02bf7d29ad.jpg,320,240,truck,104,93,272,156
34_png.rf.a728faabdb8cd042afa224c6f576e54c.jpg,320,240,other,166,125,183,152
34_png.rf.a728faabdb8cd042afa224c6f576e54c.jpg,320,240,other,80,153,135,196
34_png.rf.a728faabdb8cd042afa224c6f576e54c.jpg,320,240,other,224,110,258,144
34_png.rf.a728faabdb8cd042afa224c6f576e54c.jpg,320,240,other,112,113,147,144
34_png.rf.a728faabdb8cd042afa224c6f576e54c.jpg,320,240,other,153,105,179,129
34_png.rf.a728faabdb8cd042afa224c6f576e54c.jpg,320,240,other,33,141,80,174
34_png.rf.a728faabdb8cd042afa224c6f576e54c.jpg,320,240,other,207,104,227,123
34_png.rf.a728faabdb8cd042afa224c6f576e54c.jpg,320,240,other,183,100,209,123
34_png.rf.a728faabdb8cd042afa224c6f576e54c.jpg,320,240,other,212,0,319,40
34_png.rf.a728faabdb8cd042afa224c6f576e54c.jpg,320,240,other,240,98,270,125
34_png.rf.a728faabdb8cd042afa224c6f576e54c.jpg,320,240,other,283,44,319,107
34_png.rf.a728faabdb8cd042afa224c6f576e54c.jpg,320,240,other,223,94,243,114
35_png.rf.50170c2c14664047a6d70e81aa2f889b.jpg,320,240,other,0,141,56,196
35_png.rf.50170c2c14664047a6d70e81aa2f889b.jpg,320,240,other,83,126,137,191
35_png.rf.50170c2c14664047a6d70e81aa2f889b.jpg,320,240,other,176,84,218,142
35_png.rf.50170c2c14664047a6d70e81aa2f889b.jpg,320,240,other,140,112,171,141
35_png.rf.50170c2c14664047a6d70e81aa2f889b.jpg,320,240,other,130,124,158,157
35_png.rf.50170c2c14664047a6d70e81aa2f889b.jpg,320,240,other,247,95,276,119
35_png.rf.50170c2c14664047a6d70e81aa2f889b.jpg,320,240,other,216,102,241,121
35_png.rf.50170c2c14664047a6d70e81aa2f889b.jpg,320,240,other,69,133,92,160
35_png.rf.50170c2c14664047a6d70e81aa2f889b.jpg,320,240,other,230,104,241,122
35_png.rf.50170c2c14664047a6d70e81aa2f889b.jpg,320,240,truck,0,82,219,195
36_png.rf.4b4e7ef48824d8189b4a34423476b0c3.jpg,320,240,motorcycle,162,126,192,174
36_png.rf.4b4e7ef48824d8189b4a34423476b0c3.jpg,320,240,other,167,141,187,171
36_png.rf.4b4e7ef48824d8189b4a34423476b0c3.jpg,320,240,other,122,124,156,150
36_png.rf.4b4e7ef48824d8189b4a34423476b0c3.jpg,320,240,other,0,189,47,239
36_png.rf.4b4e7ef48824d8189b4a34423476b0c3.jpg,320,240,other,203,103,229,128
36_png.rf.4b4e7ef48824d8189b4a34423476b0c3.jpg,320,240,other,174,115,207,143
36_png.rf.4b4e7ef48824d8189b4a34423476b0c3.jpg,320,240,other,0,141,36,189
36_png.rf.4b4e7ef48824d8189b4a34423476b0c3.jpg,320,240,other,154,83,193,131
36_png.rf.4b4e7ef48824d8189b4a34423476b0c3.jpg,320,240,other,247,96,270,119
36_png.rf.4b4e7ef48824d8189b4a34423476b0c3.jpg,320,240,other,187,85,217,118
36_png.rf.4b4e7ef48824d8189b4a34423476b0c3.jpg,320,240,other,144,116,173,141
36_png.rf.4b4e7ef48824d8189b4a34423476b0c3.jpg,320,240,other,282,41,319,121
36_png.rf.4b4e7ef48824d8189b4a34423476b0c3.jpg,320,240,other,231,96,251,116
36_png.rf.4b4e7ef48824d8189b4a34423476b0c3.jpg,320,240,other,101,135,116,151
36_png.rf.4b4e7ef48824d8189b4a34423476b0c3.jpg,320,240,other,217,99,236,122
37_png.rf.0e28b588d044b73d55c304991023b2be.jpg,320,240,motorcycle,101,165,143,224
37_png.rf.0e28b588d044b73d55c304991023b2be.jpg,320,240,other,109,179,136,221
37_png.rf.0e28b588d044b73d55c304991023b2be.jpg,320,240,other,68,154,123,199
37_png.rf.0e28b588d044b73d55c304991023b2be.jpg,320,240,other,141,122,181,162
37_png.rf.0e28b588d044b73d55c304991023b2be.jpg,320,240,other,197,103,224,130
37_png.rf.0e28b588d044b73d55c304991023b2be.jpg,320,240,other,238,103,265,130
37_png.rf.0e28b588d044b73d55c304991023b2be.jpg,320,240,other,166,117,193,147
37_png.rf.0e28b588d044b73d55c304991023b2be.jpg,320,240,other,127,110,156,138
37_png.rf.0e28b588d044b73d55c304991023b2be.jpg,320,240,other,213,0,319,40
37_png.rf.0e28b588d044b73d55c304991023b2be.jpg,320,240,other,244,86,267,104
37_png.rf.0e28b588d044b73d55c304991023b2be.jpg,320,240,truck,127,108,190,162
38_png.rf.9cb355909effecac357d2839cf388a02.jpg,320,240,motorcycle,227,155,245,192
38_png.rf.9cb355909effecac357d2839cf388a02.jpg,320,240,other,59,151,136,220
38_png.rf.9cb355909effecac357d2839cf388a02.jpg,320,240,other,0,138,49,195
38_png.rf.9cb355909effecac357d2839cf388a02.jpg,320,240,other,117,132,167,180
38_png.rf.9cb355909effecac357d2839cf388a02.jpg,320,240,other,171,112,199,138
38_png.rf.9cb355909effecac357d2839cf388a02.jpg,320,240,other,233,98,271,129
38_png.rf.9cb355909effecac357d2839cf388a02.jpg,320,240,other,187,101,211,123
38_png.rf.9cb355909effecac357d2839cf388a02.jpg,320,240,other,140,108,168,131
38_png.rf.9cb355909effecac357d2839cf388a02.jpg,320,240,other,304,107,319,123
38_png.rf.9cb355909effecac357d2839cf388a02.jpg,320,240,other,119,123,158,140
39_png.rf.55ac816ba833365113a712bdb51100f0.jpg,320,240,motorcycle,111,216,153,239
39_png.rf.55ac816ba833365113a712bdb51100f0.jpg,320,240,other,42,197,74,239
39_png.rf.55ac816ba833365113a712bdb51100f0.jpg,320,240,other,94,131,144,180
39_png.rf.55ac816ba833365113a712bdb51100f0.jpg,320,240,other,209,116,224,136
39_png.rf.55ac816ba833365113a712bdb51100f0.jpg,320,240,other,231,103,261,136
39_png.rf.55ac816ba833365113a712bdb51100f0.jpg,320,240,other,201,93,231,123
39_png.rf.55ac816ba833365113a712bdb51100f0.jpg,320,240,other,134,109,163,134
39_png.rf.55ac816ba833365113a712bdb51100f0.jpg,320,240,other,171,106,206,149
39_png.rf.55ac816ba833365113a712bdb51100f0.jpg,320,240,other,198,75,240,122
39_png.rf.55ac816ba833365113a712bdb51100f0.jpg,320,240,other,131,130,158,158
39_png.rf.55ac816ba833365113a712bdb51100f0.jpg,320,240,other,115,229,152,239
4_png.rf.a24b44f73c5c82e18c8fe0f3b2551725.jpg,320,240,motorcycle,191,113,204,131
4_png.rf.a24b44f73c5c82e18c8fe0f3b2551725.jpg,320,240,other,0,159,73,230
4_png.rf.a24b44f73c5c82e18c8fe0f3b2551725.jpg,320,240,other,90,143,139,183
4_png.rf.a24b44f73c5c82e18c8fe0f3b2551725.jpg,320,240,other,177,127,230,177
4_png.rf.a24b44f73c5c82e18c8fe0f3b2551725.jpg,320,240,other,217,100,241,123
4_png.rf.a24b44f73c5c82e18c8fe0f3b2551725.jpg,320,240,other,246,96,272,122
4_png.rf.a24b44f73c5c82e18c8fe0f3b2551725.jpg,320,240,other,178,109,191,127
4_png.rf.a24b44f73c5c82e18c8fe0f3b2551725.jpg,320,240,other,210,104,221,120
4_png.rf.a24b44f73c5c82e18c8fe0f3b2551725.jpg,320,240,other,204,93,219,112
4_png.rf.a24b44f73c5c82e18c8fe0f3b2551725.jpg,320,240,truck,0,119,236,229
40_png.rf.655fa5582ad5525bfdc14b2f38e077b5.jpg,320,240,other,44,146,112,207
40_png.rf.655fa5582ad5525bfdc14b2f38e077b5.jpg,320,240,other,146,119,214,191
40_png.rf.655fa5582ad5525bfdc14b2f38e077b5.jpg,320,240,other,122,121,158,158
40_png.rf.655fa5582ad5525bfdc14b2f38e077b5.jpg,320,240,other,80,134,133,181
40_png.rf.655fa5582ad5525bfdc14b2f38e077b5.jpg,320,240,other,0,145,12,181
40_png.rf.655fa5582ad5525bfdc14b2f38e077b5.jpg,320,240,truck,42,74,235,206
40_png.rf.655fa5582ad5525bfdc14b2f38e077b5.jpg,320,240,truck,145,75,233,190
41_png.rf.16f7526896be105b5b63ff5a02a22fcd.jpg,320,240,motorcycle,197,174,238,225
41_png.rf.16f7526896be105b5b63ff5a02a22fcd.jpg,320,240,motorcycle,207,103,228,144
41_png.rf.16f7526896be105b5b63ff5a02a22fcd.jpg,320,240,other,29,81,195,239
41_png.rf.16f7526896be105b5b63ff5a02a22fcd.jpg,320,240,other,0,156,97,239
41_png.rf.16f7526896be105b5b63ff5a02a22fcd.jpg,320,240,other,190,123,224,166
41_png.rf.16f7526896be105b5b63ff5a02a22fcd.jpg,320,240,other,253,94,276,118
41_png.rf.16f7526896be105b5b63ff5a02a22fcd.jpg,320,240,other,214,89,240,110
41_png.rf.16f7526896be105b5b63ff5a02a22fcd.jpg,320,240,other,247,104,259,124
41_png.rf.16f7526896be105b5b63ff5a02a22fcd.jpg,320,240,other,213,120,228,145
41_png.rf.16f7526896be105b5b63ff5a02a22fcd.jpg,320,240,other,192,95,215,115
41_png.rf.16f7526896be105b5b63ff5a02a22fcd.jpg,320,240,other,214,103,227,125
41_png.rf.16f7526896be105b5b63ff5a02a22fcd.jpg,320,240,other,0,156,12,239
42_png.rf.ebb28e27d35b3d3eb7f6b78a20d4b3fc.jpg,320,240,motorcycle,215,133,234,168
42_png.rf.ebb28e27d35b3d3eb7f6b78a20d4b3fc.jpg,320,240,other,228,111,240,127
42_png.rf.ebb28e27d35b3d3eb7f6b78a20d4b3fc.jpg,320,240,other,31,151,99,207
42_png.rf.ebb28e27d35b3d3eb7f6b78a20d4b3fc.jpg,320,240,other,86,142,131,178
42_png.rf.ebb28e27d35b3d3eb7f6b78a20d4b3fc.jpg,320,240,other,154,131,210,188
42_png.rf.ebb28e27d35b3d3eb7f6b78a20d4b3fc.jpg,320,240,other,236,97,265,119
42_png.rf.ebb28e27d35b3d3eb7f6b78a20d4b3fc.jpg,320,240,other,127,110,157,139
42_png.rf.ebb28e27d35b3d3eb7f6b78a20d4b3fc.jpg,320,240,other,0,212,70,239
42_png.rf.ebb28e27d35b3d3eb7f6b78a20d4b3fc.jpg,320,240,other,29,133,80,174
42_png.rf.ebb28e27d35b3d3eb7f6b78a20d4b3fc.jpg,320,240,other,192,112,220,136
42_png.rf.ebb28e27d35b3d3eb7f6b78a20d4b3fc.jpg,320,240,other,212,105,223,121
42_png.rf.ebb28e27d35b3d3eb7f6b78a20d4b3fc.jpg,320,240,other,178,104,200,122
42_png.rf.ebb28e27d35b3d3eb7f6b78a20d4b3fc.jpg,320,240,other,217,149,231,169
43_png.rf.9535be97d9a341dafe9efc6f7fa1caa1.jpg,320,240,motorcycle,234,149,257,185
43_png.rf.9535be97d9a341dafe9efc6f7fa1caa1.jpg,320,240,other,0,167,78,237
43_png.rf.9535be97d9a341dafe9efc6f7fa1caa1.jpg,320,240,other,142,126,190,172
43_png.rf.9535be97d9a341dafe9efc6f7fa1caa1.jpg,320,240,other,112,125,152,168
43_png.rf.9535be97d9a341dafe9efc6f7fa1caa1.jpg,320,240,other,50,147,106,202
43_png.rf.9535be97d9a341dafe9efc6f7fa1caa1.jpg,320,240,other,219,110,232,131
43_png.rf.9535be97d9a341dafe9efc6f7fa1caa1.jpg,320,240,other,182,112,215,146
43_png.rf.9535be97d9a341dafe9efc6f7fa1caa1.jpg,320,240,other,20,131,84,173
43_png.rf.9535be97d9a341dafe9efc6f7fa1caa1.jpg,320,240,other,90,119,123,154
43_png.rf.9535be97d9a341dafe9efc6f7fa1caa1.jpg,320,240,other,162,109,189,131
43_png.rf.9535be97d9a341dafe9efc6f7fa1caa1.jpg,320,240,other,238,169,254,186
43_png.rf.9535be97d9a341dafe9efc6f7fa1caa1.jpg,320,240,other,243,98,267,122
43_png.rf.9535be97d9a341dafe9efc6f7fa1caa1.jpg,320,240,other,229,93,249,115
43_png.rf.9535be97d9a341dafe9efc6f7fa1caa1.jpg,320,240,other,247,87,276,116
43_png.rf.9535be97d9a341dafe9efc6f7fa1caa1.jpg,320,240,other,193,93,215,111
43_png.rf.9535be97d9a341dafe9efc6f7fa1caa1.jpg,320,240,other,244,123,258,140
43_png.rf.9535be97d9a341dafe9efc6f7fa1caa1.jpg,320,240,truck,0,83,277,235
44_png.rf.28d684bb796fcf0b707cc760845fb2fb.jpg,320,240,motorcycle,177,146,193,163
44_png.rf.28d684bb796fcf0b707cc760845fb2fb.jpg,320,240,other,125,111,183,173
44_png.rf.28d684bb796fcf0b707cc760845fb2fb.jpg,320,240,other,82,132,128,172
44_png.rf.28d684bb796fcf0b707cc760845fb2fb.jpg,320,240,other,237,102,267,131
44_png.rf.28d684bb796fcf0b707cc760845fb2fb.jpg,320,240,other,188,97,218,131
44_png.rf.28d684bb796fcf0b707cc760845fb2fb.jpg,320,240,other,0,178,51,229
44_png.rf.28d684bb796fcf0b707cc760845fb2fb.jpg,320,240,other,210,92,240,113
44_png.rf.28d684bb796fcf0b707cc760845fb2fb.jpg,320,240,other,159,104,188,129
44_png.rf.28d684bb796fcf0b707cc760845fb2fb.jpg,320,240,other,193,142,221,167
45_png.rf.480d43ba298047d4fae234d4c795358d.jpg,320,240,other,145,125,189,170
45_png.rf.480d43ba298047d4fae234d4c795358d.jpg,320,240,other,0,101,72,192
45_png.rf.480d43ba298047d4fae234d4c795358d.jpg,320,240,other,185,159,203,188
45_png.rf.480d43ba298047d4fae234d4c795358d.jpg,320,240,other,114,133,149,165
45_png.rf.480d43ba298047d4fae234d4c795358d.jpg,320,240,other,191,123,206,147
45_png.rf.480d43ba298047d4fae234d4c795358d.jpg,320,240,other,215,111,227,132
45_png.rf.480d43ba298047d4fae234d4c795358d.jpg,320,240,other,225,99,249,127
45_png.rf.480d43ba298047d4fae234d4c795358d.jpg,320,240,other,104,122,132,151
45_png.rf.480d43ba298047d4fae234d4c795358d.jpg,320,240,other,200,102,220,123
45_png.rf.480d43ba298047d4fae234d4c795358d.jpg,320,240,other,166,107,196,134
45_png.rf.480d43ba298047d4fae234d4c795358d.jpg,320,240,other,244,98,268,121
45_png.rf.480d43ba298047d4fae234d4c795358d.jpg,320,240,other,108,93,161,136
45_png.rf.480d43ba298047d4fae234d4c795358d.jpg,320,240,other,268,111,280,134
46_png.rf.e03a3f0145d80b80a9d7edee5ecf43c8.jpg,320,240,motorcycle,81,175,117,230
46_png.rf.e03a3f0145d80b80a9d7edee5ecf43c8.jpg,320,240,other,88,192,112,230
46_png.rf.e03a3f0145d80b80a9d7edee5ecf43c8.jpg,320,240,other,73,135,133,197
46_png.rf.e03a3f0145d80b80a9d7edee5ecf43c8.jpg,320,240,other,126,130,164,159
46_png.rf.e03a3f0145d80b80a9d7edee5ecf43c8.jpg,320,240,other,196,125,210,148
46_png.rf.e03a3f0145d80b80a9d7edee5ecf43c8.jpg,320,240,other,183,113,210,136
46_png.rf.e03a3f0145d80b80a9d7edee5ecf43c8.jpg,320,240,other,240,100,267,127
46_png.rf.e03a3f0145d80b80a9d7edee5ecf43c8.jpg,320,240,other,212,102,233,122
46_png.rf.e03a3f0145d80b80a9d7edee5ecf43c8.jpg,320,240,other,197,104,219,125
46_png.rf.e03a3f0145d80b80a9d7edee5ecf43c8.jpg,320,240,other,213,0,319,40
47_png.rf.3de1ce3a6d3c93308d6ae29a1d9dce3e.jpg,320,240,motorcycle,28,112,98,173
47_png.rf.3de1ce3a6d3c93308d6ae29a1d9dce3e.jpg,320,240,other,174,151,190,179
47_png.rf.3de1ce3a6d3c93308d6ae29a1d9dce3e.jpg,320,240,other,136,134,176,166
47_png.rf.3de1ce3a6d3c93308d6ae29a1d9dce3e.jpg,320,240,other,177,119,206,145
47_png.rf.3de1ce3a6d3c93308d6ae29a1d9dce3e.jpg,320,240,other,123,117,162,152
47_png.rf.3de1ce3a6d3c93308d6ae29a1d9dce3e.jpg,320,240,other,243,98,269,122
47_png.rf.3de1ce3a6d3c93308d6ae29a1d9dce3e.jpg,320,240,other,155,108,187,136
47_png.rf.3de1ce3a6d3c93308d6ae29a1d9dce3e.jpg,320,240,other,196,95,216,115
47_png.rf.3de1ce3a6d3c93308d6ae29a1d9dce3e.jpg,320,240,other,221,118,237,136
47_png.rf.3de1ce3a6d3c93308d6ae29a1d9dce3e.jpg,320,240,other,129,89,177,122
47_png.rf.3de1ce3a6d3c93308d6ae29a1d9dce3e.jpg,320,240,other,221,91,246,114
48_png.rf.907ef7e0691b3f9a25a3c9f52bbbfdfe.jpg,320,240,motorcycle,217,99,239,134
48_png.rf.907ef7e0691b3f9a25a3c9f52bbbfdfe.jpg,320,240,other,49,140,106,191
48_png.rf.907ef7e0691b3f9a25a3c9f52bbbfdfe.jpg,320,240,other,222,111,237,134
48_png.rf.907ef7e0691b3f9a25a3c9f52bbbfdfe.jpg,320,240,other,121,128,172,177
48_png.rf.907ef7e0691b3f9a25a3c9f52bbbfdfe.jpg,320,240,other,219,97,239,117
48_png.rf.907ef7e0691b3f9a25a3c9f52bbbfdfe.jpg,320,240,other,240,99,265,122
48_png.rf.907ef7e0691b3f9a25a3c9f52bbbfdfe.jpg,320,240,other,194,93,218,114
48_png.rf.907ef7e0691b3f9a25a3c9f52bbbfdfe.jpg,320,240,truck,49,127,172,190
49_png.rf.365e8dc47d29133c57158a0c60a08379.jpg,320,240,other,122,166,147,204
49_png.rf.365e8dc47d29133c57158a0c60a08379.jpg,320,240,other,141,119,177,158
49_png.rf.365e8dc47d29133c57158a0c60a08379.jpg,320,240,other,54,138,96,170
49_png.rf.365e8dc47d29133c57158a0c60a08379.jpg,320,240,other,0,145,42,189
49_png.rf.365e8dc47d29133c57158a0c60a08379.jpg,320,240,other,208,108,249,138
49_png.rf.365e8dc47d29133c57158a0c60a08379.jpg,320,240,other,100,127,134,154
49_png.rf.365e8dc47d29133c57158a0c60a08379.jpg,320,240,other,111,115,145,143
49_png.rf.365e8dc47d29133c57158a0c60a08379.jpg,320,240,other,0,184,7,208
49_png.rf.365e8dc47d29133c57158a0c60a08379.jpg,320,240,other,0,167,9,208
49_png.rf.365e8dc47d29133c57158a0c60a08379.jpg,320,240,other,165,115,188,140
49_png.rf.365e8dc47d29133c57158a0c60a08379.jpg,320,240,other,234,106,258,134
49_png.rf.365e8dc47d29133c57158a0c60a08379.jpg,320,240,other,203,103,225,129
49_png.rf.365e8dc47d29133c57158a0c60a08379.jpg,320,240,other,116,134,129,156
49_png.rf.365e8dc47d29133c57158a0c60a08379.jpg,320,240,other,155,104,179,121
5_png.rf.f753a2085c6c3dfb641e5345c47b6bb8.jpg,320,240,motorcycle,193,111,215,141
5_png.rf.f753a2085c6c3dfb641e5345c47b6bb8.jpg,320,240,other,122,119,152,143
5_png.rf.f753a2085c6c3dfb641e5345c47b6bb8.jpg,320,240,other,197,119,211,139
5_png.rf.f753a2085c6c3dfb641e5345c47b6bb8.jpg,320,240,other,143,114,169,134
5_png.rf.f753a2085c6c3dfb641e5345c47b6bb8.jpg,320,240,other,237,100,263,126
5_png.rf.f753a2085c6c3dfb641e5345c47b6bb8.jpg,320,240,other,178,102,201,123
5_png.rf.f753a2085c6c3dfb641e5345c47b6bb8.jpg,320,240,other,161,108,184,127
5_png.rf.f753a2085c6c3dfb641e5345c47b6bb8.jpg,320,240,other,222,104,233,120
5_png.rf.f753a2085c6c3dfb641e5345c47b6bb8.jpg,320,240,other,280,43,319,116
5_png.rf.f753a2085c6c3dfb641e5345c47b6bb8.jpg,320,240,other,213,0,319,40
5_png.rf.f753a2085c6c3dfb641e5345c47b6bb8.jpg,320,240,other,224,88,248,112
5_png.rf.f753a2085c6c3dfb641e5345c47b6bb8.jpg,320,240,other,202,93,220,112
5_png.rf.f753a2085c6c3dfb641e5345c47b6bb8.jpg,320,240,other,213,0,319,122
5_png.rf.f753a2085c6c3dfb641e5345c47b6bb8.jpg,320,240,other,246,93,271,119
5_png.rf.f753a2085c6c3dfb641e5345c47b6bb8.jpg,320,240,other,223,89,273,127
5_png.rf.f753a2085c6c3dfb641e5345c47b6bb8.jpg,320,240,truck,122,87,272,142
50_png.rf.194f8fc7fdb5acf3914b7a6fc2c142c9.jpg,320,240,motorcycle,44,124,84,162
50_png.rf.194f8fc7fdb5acf3914b7a6fc2c142c9.jpg,320,240,other,0,187,74,239
50_png.rf.194f8fc7fdb5acf3914b7a6fc2c142c9.jpg,320,240,other,115,116,151,149
50_png.rf.194f8fc7fdb5acf3914b7a6fc2c142c9.jpg,320,240,other,8,155,85,212
50_png.rf.194f8fc7fdb5acf3914b7a6fc2c142c9.jpg,320,240,other,218,110,254,142
50_png.rf.194f8fc7fdb5acf3914b7a6fc2c142c9.jpg,320,240,other,85,127,118,152
50_png.rf.194f8fc7fdb5acf3914b7a6fc2c142c9.jpg,320,240,other,51,135,76,158
50_png.rf.194f8fc7fdb5acf3914b7a6fc2c142c9.jpg,320,240,other,0,157,14,195
50_png.rf.194f8fc7fdb5acf3914b7a6fc2c142c9.jpg,320,240,other,189,94,222,130
50_png.rf.194f8fc7fdb5acf3914b7a6fc2c142c9.jpg,320,240,other,145,114,171,135
50_png.rf.194f8fc7fdb5acf3914b7a6fc2c142c9.jpg,320,240,other,202,117,220,143
50_png.rf.194f8fc7fdb5acf3914b7a6fc2c142c9.jpg,320,240,other,177,100,194,124
50_png.rf.194f8fc7fdb5acf3914b7a6fc2c142c9.jpg,320,240,other,180,75,235,130
50_png.rf.194f8fc7fdb5acf3914b7a6fc2c142c9.jpg,320,240,other,233,105,264,132
50_png.rf.194f8fc7fdb5acf3914b7a6fc2c142c9.jpg,320,240,truck,180,75,274,142
51_png.rf.265f13021767abbd0a38f64aaf35dea7.jpg,320,240,motorcycle,183,144,214,189
51_png.rf.265f13021767abbd0a38f64aaf35dea7.jpg,320,240,motorcycle,36,141,69,183
51_png.rf.265f13021767abbd0a38f64aaf35dea7.jpg,320,240,other,133,121,173,164
51_png.rf.265f13021767abbd0a38f64aaf35dea7.jpg,320,240,other,44,154,62,179
51_png.rf.265f13021767abbd0a38f64aaf35dea7.jpg,320,240,other,220,109,249,138
51_png.rf.265f13021767abbd0a38f64aaf35dea7.jpg,320,240,other,176,111,209,142
51_png.rf.265f13021767abbd0a38f64aaf35dea7.jpg,320,240,other,118,119,145,146
51_png.rf.265f13021767abbd0a38f64aaf35dea7.jpg,320,240,other,241,99,269,127
51_png.rf.265f13021767abbd0a38f64aaf35dea7.jpg,320,240,other,187,84,224,129
51_png.rf.265f13021767abbd0a38f64aaf35dea7.jpg,320,240,other,79,142,93,160
51_png.rf.265f13021767abbd0a38f64aaf35dea7.jpg,320,240,other,187,162,203,190
51_png.rf.265f13021767abbd0a38f64aaf35dea7.jpg,320,240,other,161,109,180,128
51_png.rf.265f13021767abbd0a38f64aaf35dea7.jpg,320,240,truck,178,83,273,139
51_png.rf.265f13021767abbd0a38f64aaf35dea7.jpg,320,240,truck,117,82,275,163
52_png.rf.41518561d14cc148c468d30ce080bb2e.jpg,320,240,other,89,145,139,183
52_png.rf.41518561d14cc148c468d30ce080bb2e.jpg,320,240,other,181,116,221,154
52_png.rf.41518561d14cc148c468d30ce080bb2e.jpg,320,240,other,0,168,36,239
52_png.rf.41518561d14cc148c468d30ce080bb2e.jpg,320,240,other,153,116,185,146
52_png.rf.41518561d14cc148c468d30ce080bb2e.jpg,320,240,other,123,113,153,139
52_png.rf.41518561d14cc148c468d30ce080bb2e.jpg,320,240,other,144,138,176,176
52_png.rf.41518561d14cc148c468d30ce080bb2e.jpg,320,240,other,212,99,238,123
52_png.rf.41518561d14cc148c468d30ce080bb2e.jpg,320,240,other,68,227,92,239
52_png.rf.41518561d14cc148c468d30ce080bb2e.jpg,320,240,other,152,151,168,176
52_png.rf.41518561d14cc148c468d30ce080bb2e.jpg,320,240,other,247,92,275,119
52_png.rf.41518561d14cc148c468d30ce080bb2e.jpg,320,240,other,212,0,319,40
52_png.rf.41518561d14cc148c468d30ce080bb2e.jpg,320,240,other,187,109,211,121
52_png.rf.41518561d14cc148c468d30ce080bb2e.jpg,320,240,other,235,105,248,130
52_png.rf.41518561d14cc148c468d30ce080bb2e.jpg,320,240,truck,89,82,277,182
53_png.rf.b52d8677a71af568237fee674ac2aad1.jpg,320,240,motorcycle,208,115,232,146
53_png.rf.b52d8677a71af568237fee674ac2aad1.jpg,320,240,other,94,144,145,183
53_png.rf.b52d8677a71af568237fee674ac2aad1.jpg,320,240,other,212,121,228,144
53_png.rf.b52d8677a71af568237fee674ac2aad1.jpg,320,240,other,0,174,23,239
53_png.rf.b52d8677a71af568237fee674ac2aad1.jpg,320,240,other,161,106,187,130
53_png.rf.b52d8677a71af568237fee674ac2aad1.jpg,320,240,other,222,88,249,121
53_png.rf.b52d8677a71af568237fee674ac2aad1.jpg,320,240,other,248,96,274,119
53_png.rf.b52d8677a71af568237fee674ac2aad1.jpg,320,240,other,219,103,229,120
53_png.rf.b52d8677a71af568237fee674ac2aad1.jpg,320,240,other,178,104,198,124
53_png.rf.b52d8677a71af568237fee674ac2aad1.jpg,320,240,other,120,126,133,142
53_png.rf.b52d8677a71af568237fee674ac2aad1.jpg,320,240,other,198,94,219,114
53_png.rf.b52d8677a71af568237fee674ac2aad1.jpg,320,240,other,220,84,275,121
53_png.rf.b52d8677a71af568237fee674ac2aad1.jpg,320,240,other,283,47,319,109
53_png.rf.b52d8677a71af568237fee674ac2aad1.jpg,320,240,other,245,85,267,105
53_png.rf.b52d8677a71af568237fee674ac2aad1.jpg,320,240,other,131,116,143,135
53_png.rf.b52d8677a71af568237fee674ac2aad1.jpg,320,240,other,213,0,319,40
53_png.rf.b52d8677a71af568237fee674ac2aad1.jpg,320,240,other,187,111,198,125
54_png.rf.30499a610a983e13d39363ee6529072c.jpg,320,240,motorcycle,155,134,183,174
54_png.rf.30499a610a983e13d39363ee6529072c.jpg,320,240,motorcycle,163,154,176,169
54_png.rf.30499a610a983e13d39363ee6529072c.jpg,320,240,other,37,138,87,177
54_png.rf.30499a610a983e13d39363ee6529072c.jpg,320,240,other,161,147,179,171
54_png.rf.30499a610a983e13d39363ee6529072c.jpg,320,240,other,115,115,146,146
54_png.rf.30499a610a983e13d39363ee6529072c.jpg,320,240,other,0,149,18,197
54_png.rf.30499a610a983e13d39363ee6529072c.jpg,320,240,other,237,101,263,127
54_png.rf.30499a610a983e13d39363ee6529072c.jpg,320,240,other,166,119,207,159
54_png.rf.30499a610a983e13d39363ee6529072c.jpg,320,240,other,145,122,174,152
54_png.rf.30499a610a983e13d39363ee6529072c.jpg,320,240,other,213,127,227,148
54_png.rf.30499a610a983e13d39363ee6529072c.jpg,320,240,other,221,97,243,119
54_png.rf.30499a610a983e13d39363ee6529072c.jpg,320,240,other,186,107,213,131
54_png.rf.30499a610a983e13d39363ee6529072c.jpg,320,240,other,59,134,95,164
54_png.rf.30499a610a983e13d39363ee6529072c.jpg,320,240,other,141,110,167,132
54_png.rf.30499a610a983e13d39363ee6529072c.jpg,320,240,other,212,0,319,39
54_png.rf.30499a610a983e13d39363ee6529072c.jpg,320,240,other,116,87,274,167
54_png.rf.30499a610a983e13d39363ee6529072c.jpg,320,240,other,247,96,271,118
54_png.rf.30499a610a983e13d39363ee6529072c.jpg,320,240,other,167,102,189,122
55_png.rf.e978a25e14625fd40789fca252bf539d.jpg,320,240,other,74,192,104,236
55_png.rf.e978a25e14625fd40789fca252bf539d.jpg,320,240,other,130,134,178,179
55_png.rf.e978a25e14625fd40789fca252bf539d.jpg,320,240,other,64,134,102,162
55_png.rf.e978a25e14625fd40789fca252bf539d.jpg,320,240,other,0,205,24,239
55_png.rf.e978a25e14625fd40789fca252bf539d.jpg,320,240,other,34,154,52,173
55_png.rf.e978a25e14625fd40789fca252bf539d.jpg,320,240,other,232,104,259,132
55_png.rf.e978a25e14625fd40789fca252bf539d.jpg,320,240,other,184,109,211,130
55_png.rf.e978a25e14625fd40789fca252bf539d.jpg,320,240,other,102,120,139,155
55_png.rf.e978a25e14625fd40789fca252bf539d.jpg,320,240,other,153,117,188,148
55_png.rf.e978a25e14625fd40789fca252bf539d.jpg,320,240,other,216,102,240,127
55_png.rf.e978a25e14625fd40789fca252bf539d.jpg,320,240,other,128,111,156,136
55_png.rf.e978a25e14625fd40789fca252bf539d.jpg,320,240,other,201,100,225,122
55_png.rf.e978a25e14625fd40789fca252bf539d.jpg,320,240,other,87,120,114,150
55_png.rf.e978a25e14625fd40789fca252bf539d.jpg,320,240,other,25,152,38,168
55_png.rf.e978a25e14625fd40789fca252bf539d.jpg,320,240,other,247,99,270,124
56_png.rf.62f60fef3ab157e6ccf633381750e16e.jpg,320,240,motorcycle,307,102,319,122
56_png.rf.62f60fef3ab157e6ccf633381750e16e.jpg,320,240,other,46,160,108,208
56_png.rf.62f60fef3ab157e6ccf633381750e16e.jpg,320,240,other,99,140,146,177
56_png.rf.62f60fef3ab157e6ccf633381750e16e.jpg,320,240,other,105,91,163,139
56_png.rf.62f60fef3ab157e6ccf633381750e16e.jpg,320,240,other,45,129,92,171
56_png.rf.62f60fef3ab157e6ccf633381750e16e.jpg,320,240,other,194,104,223,136
56_png.rf.62f60fef3ab157e6ccf633381750e16e.jpg,320,240,other,226,102,264,133
56_png.rf.62f60fef3ab157e6ccf633381750e16e.jpg,320,240,other,91,120,130,155
56_png.rf.62f60fef3ab157e6ccf633381750e16e.jpg,320,240,other,164,113,178,135
56_png.rf.62f60fef3ab157e6ccf633381750e16e.jpg,320,240,other,178,106,198,125
56_png.rf.62f60fef3ab157e6ccf633381750e16e.jpg,320,240,other,183,81,221,110
56_png.rf.62f60fef3ab157e6ccf633381750e16e.jpg,320,240,other,163,103,184,122
56_png.rf.62f60fef3ab157e6ccf633381750e16e.jpg,320,240,truck,42,78,268,208
57_png.rf.83b862dbf2a029d47b67be79f6e879c0.jpg,320,240,other,97,183,126,224
57_png.rf.83b862dbf2a029d47b67be79f6e879c0.jpg,320,240,other,32,130,80,172
57_png.rf.83b862dbf2a029d47b67be79f6e879c0.jpg,320,240,other,122,126,166,168
57_png.rf.83b862dbf2a029d47b67be79f6e879c0.jpg,320,240,other,0,171,31,239
57_png.rf.83b862dbf2a029d47b67be79f6e879c0.jpg,320,240,other,243,96,270,125
57_png.rf.83b862dbf2a029d47b67be79f6e879c0.jpg,320,240,other,141,109,171,134
57_png.rf.83b862dbf2a029d47b67be79f6e879c0.jpg,320,240,other,110,115,142,145
57_png.rf.83b862dbf2a029d47b67be79f6e879c0.jpg,320,240,other,169,142,190,167
57_png.rf.83b862dbf2a029d47b67be79f6e879c0.jpg,320,240,other,219,81,248,106
57_png.rf.83b862dbf2a029d47b67be79f6e879c0.jpg,320,240,other,209,96,227,111
57_png.rf.83b862dbf2a029d47b67be79f6e879c0.jpg,320,240,other,194,126,210,148
58_png.rf.84716ff63d7decb589d2acc168fb65de.jpg,320,240,motorcycle,43,203,79,239
58_png.rf.84716ff63d7decb589d2acc168fb65de.jpg,320,240,other,27,149,82,189
58_png.rf.84716ff63d7decb589d2acc168fb65de.jpg,320,240,other,44,226,78,239
58_png.rf.84716ff63d7decb589d2acc168fb65de.jpg,320,240,other,91,141,108,163
58_png.rf.84716ff63d7decb589d2acc168fb65de.jpg,320,240,other,125,133,181,186
58_png.rf.84716ff63d7decb589d2acc168fb65de.jpg,320,240,other,243,98,270,122
58_png.rf.84716ff63d7decb589d2acc168fb65de.jpg,320,240,other,67,124,107,161
58_png.rf.84716ff63d7decb589d2acc168fb65de.jpg,320,240,other,0,186,20,239
58_png.rf.84716ff63d7decb589d2acc168fb65de.jpg,320,240,other,196,101,220,127
58_png.rf.84716ff63d7decb589d2acc168fb65de.jpg,320,240,other,227,81,257,116
58_png.rf.84716ff63d7decb589d2acc168fb65de.jpg,320,240,other,139,112,165,135
58_png.rf.84716ff63d7decb589d2acc168fb65de.jpg,320,240,other,110,124,139,146
58_png.rf.84716ff63d7decb589d2acc168fb65de.jpg,320,240,other,174,101,197,121
58_png.rf.84716ff63d7decb589d2acc168fb65de.jpg,320,240,other,173,109,188,126
59_png.rf.8771305abffca47f472882246ad6af79.jpg,320,240,motorcycle,177,122,198,154
59_png.rf.8771305abffca47f472882246ad6af79.jpg,320,240,other,0,183,59,239
59_png.rf.8771305abffca47f472882246ad6af79.jpg,320,240,other,140,128,180,164
59_png.rf.8771305abffca47f472882246ad6af79.jpg,320,240,other,25,145,73,181
59_png.rf.8771305abffca47f472882246ad6af79.jpg,320,240,other,180,131,195,152
59_png.rf.8771305abffca47f472882246ad6af79.jpg,320,240,other,85,143,147,204
59_png.rf.8771305abffca47f472882246ad6af79.jpg,320,240,other,0,154,22,193
59_png.rf.8771305abffca47f472882246ad6af79.jpg,320,240,other,70,123,111,158
59_png.rf.8771305abffca47f472882246ad6af79.jpg,320,240,other,190,109,223,142
59_png.rf.8771305abffca47f472882246ad6af79.jpg,320,240,other,162,110,192,138
59_png.rf.8771305abffca47f472882246ad6af79.jpg,320,240,other,129,97,170,128
59_png.rf.8771305abffca47f472882246ad6af79.jpg,320,240,other,235,104,263,132
59_png.rf.8771305abffca47f472882246ad6af79.jpg,320,240,other,226,124,242,151
59_png.rf.8771305abffca47f472882246ad6af79.jpg,320,240,other,180,86,214,114
59_png.rf.8771305abffca47f472882246ad6af79.jpg,320,240,other,124,120,156,147
59_png.rf.8771305abffca47f472882246ad6af79.jpg,320,240,other,206,101,230,123
59_png.rf.8771305abffca47f472882246ad6af79.jpg,320,240,truck,79,81,275,203
6_png.rf.0a86d7f3504b7df7eb41fc56d67e2dc6.jpg,320,240,motorcycle,180,150,208,192
6_png.rf.0a86d7f3504b7df7eb41fc56d67e2dc6.jpg,320,240,motorcycle,215,113,229,136
6_png.rf.0a86d7f3504b7df7eb41fc56d67e2dc6.jpg,320,240,other,115,143,182,209
6_png.rf.0a86d7f3504b7df7eb41fc56d67e2dc6.jpg,320,240,other,0,169,42,239
6_png.rf.0a86d7f3504b7df7eb41fc56d67e2dc6.jpg,320,240,other,112,131,154,174
6_png.rf.0a86d7f3504b7df7eb41fc56d67e2dc6.jpg,320,240,other,148,122,183,151
6_png.rf.0a86d7f3504b7df7eb41fc56d67e2dc6.jpg,320,240,other,247,97,273,125
6_png.rf.0a86d7f3504b7df7eb41fc56d67e2dc6.jpg,320,240,other,160,110,193,142
6_png.rf.0a86d7f3504b7df7eb41fc56d67e2dc6.jpg,320,240,other,283,44,319,110
6_png.rf.0a86d7f3504b7df7eb41fc56d67e2dc6.jpg,320,240,other,250,115,261,130
6_png.rf.0a86d7f3504b7df7eb41fc56d67e2dc6.jpg,320,240,other,189,97,212,119
6_png.rf.0a86d7f3504b7df7eb41fc56d67e2dc6.jpg,320,240,other,231,105,243,120
6_png.rf.0a86d7f3504b7df7eb41fc56d67e2dc6.jpg,320,240,other,102,93,135,125
6_png.rf.0a86d7f3504b7df7eb41fc56d67e2dc6.jpg,320,240,truck,107,102,208,213
60_png.rf.25f45dbc56ed77941e7f3b2fcc7310e8.jpg,320,240,motorcycle,35,136,56,173
60_png.rf.25f45dbc56ed77941e7f3b2fcc7310e8.jpg,320,240,other,115,107,172,169
60_png.rf.25f45dbc56ed77941e7f3b2fcc7310e8.jpg,320,240,other,216,107,249,142
60_png.rf.25f45dbc56ed77941e7f3b2fcc7310e8.jpg,320,240,other,38,154,55,173
60_png.rf.25f45dbc56ed77941e7f3b2fcc7310e8.jpg,320,240,other,178,108,209,137
60_png.rf.25f45dbc56ed77941e7f3b2fcc7310e8.jpg,320,240,other,83,140,98,160
60_png.rf.25f45dbc56ed77941e7f3b2fcc7310e8.jpg,320,240,other,197,155,212,180
60_png.rf.25f45dbc56ed77941e7f3b2fcc7310e8.jpg,320,240,other,298,146,316,178
60_png.rf.25f45dbc56ed77941e7f3b2fcc7310e8.jpg,320,240,other,165,96,194,124
60_png.rf.25f45dbc56ed77941e7f3b2fcc7310e8.jpg,320,240,other,201,105,224,128
60_png.rf.25f45dbc56ed77941e7f3b2fcc7310e8.jpg,320,240,other,218,90,242,111
60_png.rf.25f45dbc56ed77941e7f3b2fcc7310e8.jpg,320,240,other,290,135,319,166
61_png.rf.98783cc9e5c772d67ccc036f3785d701.jpg,320,240,motorcycle,220,145,231,165
61_png.rf.98783cc9e5c772d67ccc036f3785d701.jpg,320,240,other,80,189,105,228
61_png.rf.98783cc9e5c772d67ccc036f3785d701.jpg,320,240,other,90,149,148,204
61_png.rf.98783cc9e5c772d67ccc036f3785d701.jpg,320,240,other,0,174,82,239
61_png.rf.98783cc9e5c772d67ccc036f3785d701.jpg,320,240,other,155,118,192,156
61_png.rf.98783cc9e5c772d67ccc036f3785d701.jpg,320,240,other,219,142,238,167
61_png.rf.98783cc9e5c772d67ccc036f3785d701.jpg,320,240,other,205,114,239,148
61_png.rf.98783cc9e5c772d67ccc036f3785d701.jpg,320,240,other,109,123,140,147
61_png.rf.98783cc9e5c772d67ccc036f3785d701.jpg,320,240,other,140,121,163,147
61_png.rf.98783cc9e5c772d67ccc036f3785d701.jpg,320,240,other,68,146,107,186
61_png.rf.98783cc9e5c772d67ccc036f3785d701.jpg,320,240,other,14,150,60,180
61_png.rf.98783cc9e5c772d67ccc036f3785d701.jpg,320,240,other,240,80,281,115
61_png.rf.98783cc9e5c772d67ccc036f3785d701.jpg,320,240,other,182,106,207,132
61_png.rf.98783cc9e5c772d67ccc036f3785d701.jpg,320,240,other,296,146,317,178
61_png.rf.98783cc9e5c772d67ccc036f3785d701.jpg,320,240,truck,0,78,280,238
62_png.rf.b4e55ccc1bbabf8d831b034d8fe005fe.jpg,320,240,motorcycle,105,155,147,217
62_png.rf.b4e55ccc1bbabf8d831b034d8fe005fe.jpg,320,240,other,112,171,139,213
62_png.rf.b4e55ccc1bbabf8d831b034d8fe005fe.jpg,320,240,other,22,150,99,220
62_png.rf.b4e55ccc1bbabf8d831b034d8fe005fe.jpg,320,240,other,187,88,233,129
62_png.rf.b4e55ccc1bbabf8d831b034d8fe005fe.jpg,320,240,other,243,101,268,126
62_png.rf.b4e55ccc1bbabf8d831b034d8fe005fe.jpg,320,240,other,295,146,315,177
62_png.rf.b4e55ccc1bbabf8d831b034d8fe005fe.jpg,320,240,other,235,83,262,117
62_png.rf.b4e55ccc1bbabf8d831b034d8fe005fe.jpg,320,240,truck,187,82,270,128
63_png.rf.a7c6c965cdf8c5e1b72633dc9fd04d73.jpg,320,240,other,152,176,176,214
63_png.rf.a7c6c965cdf8c5e1b72633dc9fd04d73.jpg,320,240,other,124,173,147,208
63_png.rf.a7c6c965cdf8c5e1b72633dc9fd04d73.jpg,320,240,other,61,100,174,194
63_png.rf.a7c6c965cdf8c5e1b72633dc9fd04d73.jpg,320,240,other,0,154,42,216
63_png.rf.a7c6c965cdf8c5e1b72633dc9fd04d73.jpg,320,240,other,168,109,195,137
63_png.rf.a7c6c965cdf8c5e1b72633dc9fd04d73.jpg,320,240,other,191,105,217,132
63_png.rf.a7c6c965cdf8c5e1b72633dc9fd04d73.jpg,320,240,other,242,101,267,126
63_png.rf.a7c6c965cdf8c5e1b72633dc9fd04d73.jpg,320,240,other,21,141,66,179
63_png.rf.a7c6c965cdf8c5e1b72633dc9fd04d73.jpg,320,240,other,213,100,236,125
64_png.rf.5a910986e948b46ad0caf62433dc4fb8.jpg,320,240,other,145,120,185,162
64_png.rf.5a910986e948b46ad0caf62433dc4fb8.jpg,320,240,other,220,109,256,141
64_png.rf.5a910986e948b46ad0caf62433dc4fb8.jpg,320,240,other,106,128,124,156
64_png.rf.5a910986e948b46ad0caf62433dc4fb8.jpg,320,240,other,0,174,59,239
64_png.rf.5a910986e948b46ad0caf62433dc4fb8.jpg,320,240,other,0,150,44,183
64_png.rf.5a910986e948b46ad0caf62433dc4fb8.jpg,320,240,other,232,81,263,110
64_png.rf.5a910986e948b46ad0caf62433dc4fb8.jpg,320,240,other,203,104,229,132
64_png.rf.5a910986e948b46ad0caf62433dc4fb8.jpg,320,240,other,100,120,138,151
64_png.rf.5a910986e948b46ad0caf62433dc4fb8.jpg,320,240,other,44,149,60,170
64_png.rf.5a910986e948b46ad0caf62433dc4fb8.jpg,320,240,other,125,109,154,140
64_png.rf.5a910986e948b46ad0caf62433dc4fb8.jpg,320,240,other,236,124,251,152
64_png.rf.5a910986e948b46ad0caf62433dc4fb8.jpg,320,240,other,242,102,268,127
64_png.rf.5a910986e948b46ad0caf62433dc4fb8.jpg,320,240,other,247,115,259,139
64_png.rf.5a910986e948b46ad0caf62433dc4fb8.jpg,320,240,other,93,123,105,147
64_png.rf.5a910986e948b46ad0caf62433dc4fb8.jpg,320,240,truck,201,80,268,140
64_png.rf.5a910986e948b46ad0caf62433dc4fb8.jpg,320,240,truck,97,108,185,162
65_png.rf.8a978a275ec70eab1fe4d88c7e7ff89b.jpg,320,240,other,195,120,236,161
65_png.rf.8a978a275ec70eab1fe4d88c7e7ff89b.jpg,320,240,other,137,126,178,164
65_png.rf.8a978a275ec70eab1fe4d88c7e7ff89b.jpg,320,240,other,283,154,319,170
65_png.rf.8a978a275ec70eab1fe4d88c7e7ff89b.jpg,320,240,other,116,135,150,186
65_png.rf.8a978a275ec70eab1fe4d88c7e7ff89b.jpg,320,240,other,0,113,128,239
65_png.rf.8a978a275ec70eab1fe4d88c7e7ff89b.jpg,320,240,other,167,122,194,148
65_png.rf.8a978a275ec70eab1fe4d88c7e7ff89b.jpg,320,240,other,243,99,267,123
65_png.rf.8a978a275ec70eab1fe4d88c7e7ff89b.jpg,320,240,other,221,95,242,114
65_png.rf.8a978a275ec70eab1fe4d88c7e7ff89b.jpg,320,240,other,188,107,222,125
65_png.rf.8a978a275ec70eab1fe4d88c7e7ff89b.jpg,320,240,other,54,174,128,231
65_png.rf.8a978a275ec70eab1fe4d88c7e7ff89b.jpg,320,240,other,170,107,193,123
66_png.rf.bf749a52c7f9b4bbbc6efd435131540a.jpg,320,240,motorcycle,107,156,148,214
66_png.rf.bf749a52c7f9b4bbbc6efd435131540a.jpg,320,240,other,114,173,140,211
66_png.rf.bf749a52c7f9b4bbbc6efd435131540a.jpg,320,240,other,217,101,244,128
66_png.rf.bf749a52c7f9b4bbbc6efd435131540a.jpg,320,240,other,0,156,31,193
66_png.rf.bf749a52c7f9b4bbbc6efd435131540a.jpg,320,240,other,182,112,207,134
66_png.rf.bf749a52c7f9b4bbbc6efd435131540a.jpg,320,240,other,189,122,203,143
66_png.rf.bf749a52c7f9b4bbbc6efd435131540a.jpg,320,240,other,242,98,274,126
66_png.rf.bf749a52c7f9b4bbbc6efd435131540a.jpg,320,240,other,60,126,99,163
66_png.rf.bf749a52c7f9b4bbbc6efd435131540a.jpg,320,240,other,117,137,159,169
66_png.rf.bf749a52c7f9b4bbbc6efd435131540a.jpg,320,240,other,34,163,55,196
66_png.rf.bf749a52c7f9b4bbbc6efd435131540a.jpg,320,240,other,153,111,177,130
66_png.rf.bf749a52c7f9b4bbbc6efd435131540a.jpg,320,240,other,135,116,161,137
66_png.rf.bf749a52c7f9b4bbbc6efd435131540a.jpg,320,240,other,110,120,142,154
66_png.rf.bf749a52c7f9b4bbbc6efd435131540a.jpg,320,240,other,90,146,106,169
66_png.rf.bf749a52c7f9b4bbbc6efd435131540a.jpg,320,240,other,197,155,216,185
66_png.rf.bf749a52c7f9b4bbbc6efd435131540a.jpg,320,240,other,92,119,120,149
66_png.rf.bf749a52c7f9b4bbbc6efd435131540a.jpg,320,240,other,213,0,319,40
66_png.rf.bf749a52c7f9b4bbbc6efd435131540a.jpg,320,240,other,173,101,194,121
67_png.rf.80a20da57e5344b17c5d84349fbf6f83.jpg,320,240,motorcycle,62,162,110,223
67_png.rf.80a20da57e5344b17c5d84349fbf6f83.jpg,320,240,other,69,180,101,220
67_png.rf.80a20da57e5344b17c5d84349fbf6f83.jpg,320,240,other,235,104,261,132
67_png.rf.80a20da57e5344b17c5d84349fbf6f83.jpg,320,240,other,199,106,229,134
67_png.rf.80a20da57e5344b17c5d84349fbf6f83.jpg,320,240,other,199,79,230,110
67_png.rf.80a20da57e5344b17c5d84349fbf6f83.jpg,320,240,truck,196,78,265,134
68_png.rf.79b65879fcbcda9fec7041002feff35d.jpg,320,240,other,195,127,213,149
68_png.rf.79b65879fcbcda9fec7041002feff35d.jpg,320,240,other,21,85,113,163
68_png.rf.79b65879fcbcda9fec7041002feff35d.jpg,320,240,other,98,132,147,181
68_png.rf.79b65879fcbcda9fec7041002feff35d.jpg,320,240,other,0,192,70,239
68_png.rf.79b65879fcbcda9fec7041002feff35d.jpg,320,240,other,168,145,186,170
68_png.rf.79b65879fcbcda9fec7041002feff35d.jpg,320,240,other,123,125,158,164
68_png.rf.79b65879fcbcda9fec7041002feff35d.jpg,320,240,other,73,196,102,239
68_png.rf.79b65879fcbcda9fec7041002feff35d.jpg,320,240,other,61,172,87,213
68_png.rf.79b65879fcbcda9fec7041002feff35d.jpg,320,240,other,156,127,190,156
68_png.rf.79b65879fcbcda9fec7041002feff35d.jpg,320,240,other,207,93,225,111
68_png.rf.79b65879fcbcda9fec7041002feff35d.jpg,320,240,other,0,157,34,193
68_png.rf.79b65879fcbcda9fec7041002feff35d.jpg,320,240,other,226,98,237,114
68_png.rf.79b65879fcbcda9fec7041002feff35d.jpg,320,240,other,61,167,103,239
69_png.rf.138afcf77de5a7d7015705241fbc3e7d.jpg,320,240,motorcycle,221,102,244,130
69_png.rf.138afcf77de5a7d7015705241fbc3e7d.jpg,320,240,other,144,125,181,156
69_png.rf.138afcf77de5a7d7015705241fbc3e7d.jpg,320,240,other,0,185,84,239
69_png.rf.138afcf77de5a7d7015705241fbc3e7d.jpg,320,240,other,18,140,71,182
69_png.rf.138afcf77de5a7d7015705241fbc3e7d.jpg,320,240,other,64,125,106,162
69_png.rf.138afcf77de5a7d7015705241fbc3e7d.jpg,320,240,other,111,115,144,145
69_png.rf.138afcf77de5a7d7015705241fbc3e7d.jpg,320,240,other,242,99,271,128
69_png.rf.138afcf77de5a7d7015705241fbc3e7d.jpg,320,240,other,227,110,239,127
69_png.rf.138afcf77de5a7d7015705241fbc3e7d.jpg,320,240,other,191,111,218,134
69_png.rf.138afcf77de5a7d7015705241fbc3e7d.jpg,320,240,other,285,154,319,171
69_png.rf.138afcf77de5a7d7015705241fbc3e7d.jpg,320,240,other,142,109,168,132
69_png.rf.138afcf77de5a7d7015705241fbc3e7d.jpg,320,240,other,191,99,216,118
69_png.rf.138afcf77de5a7d7015705241fbc3e7d.jpg,320,240,other,237,94,246,108
69_png.rf.138afcf77de5a7d7015705241fbc3e7d.jpg,320,240,other,171,100,195,123
7_png.rf.33526dd68dd0dec158073a2a369a5500.jpg,320,240,motorcycle,201,103,226,141
7_png.rf.33526dd68dd0dec158073a2a369a5500.jpg,320,240,other,99,127,138,156
7_png.rf.33526dd68dd0dec158073a2a369a5500.jpg,320,240,other,220,103,253,141
7_png.rf.33526dd68dd0dec158073a2a369a5500.jpg,320,240,other,206,111,222,139
7_png.rf.33526dd68dd0dec158073a2a369a5500.jpg,320,240,other,128,113,160,141
7_png.rf.33526dd68dd0dec158073a2a369a5500.jpg,320,240,other,246,95,271,122
7_png.rf.33526dd68dd0dec158073a2a369a5500.jpg,320,240,other,207,123,220,139
7_png.rf.33526dd68dd0dec158073a2a369a5500.jpg,320,240,other,189,98,212,119
7_png.rf.33526dd68dd0dec158073a2a369a5500.jpg,320,240,other,152,112,176,131
7_png.rf.33526dd68dd0dec158073a2a369a5500.jpg,320,240,other,212,0,319,40
7_png.rf.33526dd68dd0dec158073a2a369a5500.jpg,320,240,truck,190,88,268,140
70_png.rf.03f5e077c33d7eda0787cdc59087e28c.jpg,320,240,other,131,115,168,148
70_png.rf.03f5e077c33d7eda0787cdc59087e28c.jpg,320,240,other,60,121,111,173
70_png.rf.03f5e077c33d7eda0787cdc59087e28c.jpg,320,240,other,180,104,205,129
70_png.rf.03f5e077c33d7eda0787cdc59087e28c.jpg,320,240,other,283,154,319,171
70_png.rf.03f5e077c33d7eda0787cdc59087e28c.jpg,320,240,other,243,101,270,128
70_png.rf.03f5e077c33d7eda0787cdc59087e28c.jpg,320,240,other,303,105,319,123
70_png.rf.03f5e077c33d7eda0787cdc59087e28c.jpg,320,240,other,217,87,251,122
70_png.rf.03f5e077c33d7eda0787cdc59087e28c.jpg,320,240,other,129,95,175,136
70_png.rf.03f5e077c33d7eda0787cdc59087e28c.jpg,320,240,truck,58,84,273,172
71_png.rf.1b639ae9e1a46b8f685a348ad88e67a5.jpg,320,240,other,65,138,126,194
71_png.rf.1b639ae9e1a46b8f685a348ad88e67a5.jpg,320,240,other,117,132,156,171
71_png.rf.1b639ae9e1a46b8f685a348ad88e67a5.jpg,320,240,other,165,116,203,154
71_png.rf.1b639ae9e1a46b8f685a348ad88e67a5.jpg,320,240,other,283,154,319,171
71_png.rf.1b639ae9e1a46b8f685a348ad88e67a5.jpg,320,240,other,236,100,271,130
71_png.rf.1b639ae9e1a46b8f685a348ad88e67a5.jpg,320,240,other,0,134,49,189
71_png.rf.1b639ae9e1a46b8f685a348ad88e67a5.jpg,320,240,other,0,146,52,239
71_png.rf.1b639ae9e1a46b8f685a348ad88e67a5.jpg,320,240,other,212,98,236,120
71_png.rf.1b639ae9e1a46b8f685a348ad88e67a5.jpg,320,240,other,182,106,209,132
71_png.rf.1b639ae9e1a46b8f685a348ad88e67a5.jpg,320,240,other,154,114,176,135
71_png.rf.1b639ae9e1a46b8f685a348ad88e67a5.jpg,320,240,other,123,112,152,136
71_png.rf.1b639ae9e1a46b8f685a348ad88e67a5.jpg,320,240,other,77,126,115,146
71_png.rf.1b639ae9e1a46b8f685a348ad88e67a5.jpg,320,240,other,198,103,218,127
71_png.rf.1b639ae9e1a46b8f685a348ad88e67a5.jpg,320,240,other,226,101,244,123
71_png.rf.1b639ae9e1a46b8f685a348ad88e67a5.jpg,320,240,other,147,108,172,129
72_png.rf.83a1b94f315f20f2502af0105783f920.jpg,320,240,motorcycle,282,153,319,169
72_png.rf.83a1b94f315f20f2502af0105783f920.jpg,320,240,motorcycle,144,123,153,134
72_png.rf.83a1b94f315f20f2502af0105783f920.jpg,320,240,other,151,123,196,170
72_png.rf.83a1b94f315f20f2502af0105783f920.jpg,320,240,other,108,113,142,149
72_png.rf.83a1b94f315f20f2502af0105783f920.jpg,320,240,other,25,145,72,180
72_png.rf.83a1b94f315f20f2502af0105783f920.jpg,320,240,other,187,114,222,150
72_png.rf.83a1b94f315f20f2502af0105783f920.jpg,320,240,other,143,116,155,136
72_png.rf.83a1b94f315f20f2502af0105783f920.jpg,320,240,other,249,99,271,123
72_png.rf.83a1b94f315f20f2502af0105783f920.jpg,320,240,other,203,108,231,131
72_png.rf.83a1b94f315f20f2502af0105783f920.jpg,320,240,other,165,106,195,127
72_png.rf.83a1b94f315f20f2502af0105783f920.jpg,320,240,other,232,95,253,114
72_png.rf.83a1b94f315f20f2502af0105783f920.jpg,320,240,other,156,106,172,127
72_png.rf.83a1b94f315f20f2502af0105783f920.jpg,320,240,truck,150,95,228,169
73_png.rf.8953beba7b6795cb19f993041c9fd2d9.jpg,320,240,other,136,162,160,197
73_png.rf.8953beba7b6795cb19f993041c9fd2d9.jpg,320,240,other,36,95,123,167
73_png.rf.8953beba7b6795cb19f993041c9fd2d9.jpg,320,240,other,155,121,198,164
73_png.rf.8953beba7b6795cb19f993041c9fd2d9.jpg,320,240,other,23,216,62,239
73_png.rf.8953beba7b6795cb19f993041c9fd2d9.jpg,320,240,other,133,109,167,142
73_png.rf.8953beba7b6795cb19f993041c9fd2d9.jpg,320,240,other,234,100,270,126
73_png.rf.8953beba7b6795cb19f993041c9fd2d9.jpg,320,240,other,217,111,234,133
73_png.rf.8953beba7b6795cb19f993041c9fd2d9.jpg,320,240,other,187,113,211,136
73_png.rf.8953beba7b6795cb19f993041c9fd2d9.jpg,320,240,other,201,105,223,123
73_png.rf.8953beba7b6795cb19f993041c9fd2d9.jpg,320,240,other,35,156,52,179
74_png.rf.7881ab0c0cd0a933d1c9e234d33b75fe.jpg,320,240,motorcycle,257,154,276,180
74_png.rf.7881ab0c0cd0a933d1c9e234d33b75fe.jpg,320,240,other,229,104,260,134
74_png.rf.7881ab0c0cd0a933d1c9e234d33b75fe.jpg,320,240,other,27,148,100,220
74_png.rf.7881ab0c0cd0a933d1c9e234d33b75fe.jpg,320,240,other,134,105,182,160
74_png.rf.7881ab0c0cd0a933d1c9e234d33b75fe.jpg,320,240,other,105,115,139,145
74_png.rf.7881ab0c0cd0a933d1c9e234d33b75fe.jpg,320,240,other,285,153,319,171
74_png.rf.7881ab0c0cd0a933d1c9e234d33b75fe.jpg,320,240,other,191,103,218,130
74_png.rf.7881ab0c0cd0a933d1c9e234d33b75fe.jpg,320,240,other,177,111,197,144
74_png.rf.7881ab0c0cd0a933d1c9e234d33b75fe.jpg,320,240,other,257,152,319,181
74_png.rf.7881ab0c0cd0a933d1c9e234d33b75fe.jpg,320,240,other,246,100,271,125
74_png.rf.7881ab0c0cd0a933d1c9e234d33b75fe.jpg,320,240,other,39,142,75,162
74_png.rf.7881ab0c0cd0a933d1c9e234d33b75fe.jpg,320,240,truck,25,78,276,219
75_png.rf.b16688ccf9994f8de52e470dea0a8434.jpg,320,240,motorcycle,206,111,228,138
75_png.rf.b16688ccf9994f8de52e470dea0a8434.jpg,320,240,motorcycle,210,123,219,137
75_png.rf.b16688ccf9994f8de52e470dea0a8434.jpg,320,240,other,230,105,259,135
75_png.rf.b16688ccf9994f8de52e470dea0a8434.jpg,320,240,other,130,125,183,181
75_png.rf.b16688ccf9994f8de52e470dea0a8434.jpg,320,240,other,28,144,76,177
75_png.rf.b16688ccf9994f8de52e470dea0a8434.jpg,320,240,other,209,118,221,139
75_png.rf.b16688ccf9994f8de52e470dea0a8434.jpg,320,240,other,75,126,116,158
75_png.rf.b16688ccf9994f8de52e470dea0a8434.jpg,320,240,other,118,127,149,163
75_png.rf.b16688ccf9994f8de52e470dea0a8434.jpg,320,240,other,186,110,212,133
75_png.rf.b16688ccf9994f8de52e470dea0a8434.jpg,320,240,other,133,77,180,125
75_png.rf.b16688ccf9994f8de52e470dea0a8434.jpg,320,240,other,170,121,197,145
75_png.rf.b16688ccf9994f8de52e470dea0a8434.jpg,320,240,other,165,108,188,125
75_png.rf.b16688ccf9994f8de52e470dea0a8434.jpg,320,240,other,220,96,243,117
76_png.rf.f0f5a88896d81ef5995db0aabe07252e.jpg,320,240,other,73,131,111,159
76_png.rf.f0f5a88896d81ef5995db0aabe07252e.jpg,320,240,other,102,123,135,148
76_png.rf.f0f5a88896d81ef5995db0aabe07252e.jpg,320,240,other,185,110,217,142
76_png.rf.f0f5a88896d81ef5995db0aabe07252e.jpg,320,240,other,271,148,319,178
76_png.rf.f0f5a88896d81ef5995db0aabe07252e.jpg,320,240,other,128,110,160,138
76_png.rf.f0f5a88896d81ef5995db0aabe07252e.jpg,320,240,other,246,98,270,123
76_png.rf.f0f5a88896d81ef5995db0aabe07252e.jpg,320,240,other,271,148,290,177
76_png.rf.f0f5a88896d81ef5995db0aabe07252e.jpg,320,240,other,229,96,250,117
76_png.rf.f0f5a88896d81ef5995db0aabe07252e.jpg,320,240,other,202,106,228,132
76_png.rf.f0f5a88896d81ef5995db0aabe07252e.jpg,320,240,other,286,154,319,170
76_png.rf.f0f5a88896d81ef5995db0aabe07252e.jpg,320,240,other,73,109,161,159
76_png.rf.f0f5a88896d81ef5995db0aabe07252e.jpg,320,240,other,179,99,199,121
77_png.rf.0f7d11a2f692eee07dfdfd0277148571.jpg,320,240,other,77,180,104,219
77_png.rf.0f7d11a2f692eee07dfdfd0277148571.jpg,320,240,other,164,109,201,142
77_png.rf.0f7d11a2f692eee07dfdfd0277148571.jpg,320,240,other,218,108,250,140
77_png.rf.0f7d11a2f692eee07dfdfd0277148571.jpg,320,240,other,130,114,162,142
77_png.rf.0f7d11a2f692eee07dfdfd0277148571.jpg,320,240,other,0,181,57,239
77_png.rf.0f7d11a2f692eee07dfdfd0277148571.jpg,320,240,other,196,126,211,154
77_png.rf.0f7d11a2f692eee07dfdfd0277148571.jpg,320,240,other,69,141,85,164
77_png.rf.0f7d11a2f692eee07dfdfd0277148571.jpg,320,240,other,236,99,269,125
77_png.rf.0f7d11a2f692eee07dfdfd0277148571.jpg,320,240,other,207,99,231,122
77_png.rf.0f7d11a2f692eee07dfdfd0277148571.jpg,320,240,other,175,101,198,115
77_png.rf.0f7d11a2f692eee07dfdfd0277148571.jpg,320,240,other,213,0,319,40
78_png.rf.5c9f5f5837878bac9ce960f370af469b.jpg,320,240,other,194,118,208,140
78_png.rf.5c9f5f5837878bac9ce960f370af469b.jpg,320,240,other,146,117,185,155
78_png.rf.5c9f5f5837878bac9ce960f370af469b.jpg,320,240,other,59,138,102,170
78_png.rf.5c9f5f5837878bac9ce960f370af469b.jpg,320,240,other,120,116,151,144
78_png.rf.5c9f5f5837878bac9ce960f370af469b.jpg,320,240,other,188,106,214,129
78_png.rf.5c9f5f5837878bac9ce960f370af469b.jpg,320,240,other,233,101,261,127
78_png.rf.5c9f5f5837878bac9ce960f370af469b.jpg,320,240,other,215,107,228,125
78_png.rf.5c9f5f5837878bac9ce960f370af469b.jpg,320,240,other,212,0,319,40
78_png.rf.5c9f5f5837878bac9ce960f370af469b.jpg,320,240,other,175,100,199,121
78_png.rf.5c9f5f5837878bac9ce960f370af469b.jpg,320,240,other,206,103,227,122
79_png.rf.3158c06279382079e3fbeefd71cfca51.jpg,320,240,other,217,119,233,144
79_png.rf.3158c06279382079e3fbeefd71cfca51.jpg,320,240,other,70,139,131,196
79_png.rf.3158c06279382079e3fbeefd71cfca51.jpg,320,240,other,161,122,207,166
79_png.rf.3158c06279382079e3fbeefd71cfca51.jpg,320,240,other,27,131,75,174
79_png.rf.3158c06279382079e3fbeefd71cfca51.jpg,320,240,other,0,175,14,209
79_png.rf.3158c06279382079e3fbeefd71cfca51.jpg,320,240,other,105,88,158,143
79_png.rf.3158c06279382079e3fbeefd71cfca51.jpg,320,240,other,211,87,249,127
79_png.rf.3158c06279382079e3fbeefd71cfca51.jpg,320,240,other,246,98,272,123
79_png.rf.3158c06279382079e3fbeefd71cfca51.jpg,320,240,other,168,151,201,179
79_png.rf.3158c06279382079e3fbeefd71cfca51.jpg,320,240,other,71,125,114,158
8_png.rf.1843d91832f81f7b00aea1d931f5c184.jpg,320,240,motorcycle,125,134,143,167
8_png.rf.1843d91832f81f7b00aea1d931f5c184.jpg,320,240,other,0,163,78,239
8_png.rf.1843d91832f81f7b00aea1d931f5c184.jpg,320,240,other,144,128,193,175
8_png.rf.1843d91832f81f7b00aea1d931f5c184.jpg,320,240,other,101,129,133,159
8_png.rf.1843d91832f81f7b00aea1d931f5c184.jpg,320,240,other,68,144,84,164
8_png.rf.1843d91832f81f7b00aea1d931f5c184.jpg,320,240,other,245,96,272,123
8_png.rf.1843d91832f81f7b00aea1d931f5c184.jpg,320,240,other,213,94,236,114
8_png.rf.1843d91832f81f7b00aea1d931f5c184.jpg,320,240,other,85,119,121,153
8_png.rf.1843d91832f81f7b00aea1d931f5c184.jpg,320,240,other,195,105,218,124
8_png.rf.1843d91832f81f7b00aea1d931f5c184.jpg,320,240,other,187,124,202,151
8_png.rf.1843d91832f81f7b00aea1d931f5c184.jpg,320,240,other,182,115,207,138
8_png.rf.1843d91832f81f7b00aea1d931f5c184.jpg,320,240,other,233,99,244,120
8_png.rf.1843d91832f81f7b00aea1d931f5c184.jpg,320,240,truck,0,87,273,239
80_png.rf.2585b3d54a8701a4d69c94dae5541dd7.jpg,320,240,motorcycle,173,116,194,156
80_png.rf.2585b3d54a8701a4d69c94dae5541dd7.jpg,320,240,other,178,134,194,156
80_png.rf.2585b3d54a8701a4d69c94dae5541dd7.jpg,320,240,other,0,183,68,239
80_png.rf.2585b3d54a8701a4d69c94dae5541dd7.jpg,320,240,other,186,107,215,136
80_png.rf.2585b3d54a8701a4d69c94dae5541dd7.jpg,320,240,other,216,85,261,137
80_png.rf.2585b3d54a8701a4d69c94dae5541dd7.jpg,320,240,other,103,112,164,174
80_png.rf.2585b3d54a8701a4d69c94dae5541dd7.jpg,320,240,other,18,168,88,220
80_png.rf.2585b3d54a8701a4d69c94dae5541dd7.jpg,320,240,other,174,121,188,138
80_png.rf.2585b3d54a8701a4d69c94dae5541dd7.jpg,320,240,other,41,150,57,172
80_png.rf.2585b3d54a8701a4d69c94dae5541dd7.jpg,320,240,truck,101,83,267,172
81_png.rf.e9d19fd24c75e88dbf1806475bb4d108.jpg,320,240,motorcycle,283,134,319,173
81_png.rf.e9d19fd24c75e88dbf1806475bb4d108.jpg,320,240,other,170,96,239,164
81_png.rf.e9d19fd24c75e88dbf1806475bb4d108.jpg,320,240,other,60,138,104,169
81_png.rf.e9d19fd24c75e88dbf1806475bb4d108.jpg,320,240,other,285,153,319,170
81_png.rf.e9d19fd24c75e88dbf1806475bb4d108.jpg,320,240,other,235,100,263,127
81_png.rf.e9d19fd24c75e88dbf1806475bb4d108.jpg,320,240,other,162,116,176,142
81_png.rf.e9d19fd24c75e88dbf1806475bb4d108.jpg,320,240,other,254,95,275,118
82_png.rf.eccc878c7bc3f4bbebd6306f9abd3836.jpg,320,240,motorcycle,65,199,106,239
82_png.rf.eccc878c7bc3f4bbebd6306f9abd3836.jpg,320,240,other,172,133,191,160
82_png.rf.eccc878c7bc3f4bbebd6306f9abd3836.jpg,320,240,other,66,220,104,239
82_png.rf.eccc878c7bc3f4bbebd6306f9abd3836.jpg,320,240,other,67,132,115,173
82_png.rf.eccc878c7bc3f4bbebd6306f9abd3836.jpg,320,240,other,19,135,70,179
82_png.rf.eccc878c7bc3f4bbebd6306f9abd3836.jpg,320,240,other,205,102,237,128
82_png.rf.eccc878c7bc3f4bbebd6306f9abd3836.jpg,320,240,other,0,184,40,239
82_png.rf.eccc878c7bc3f4bbebd6306f9abd3836.jpg,320,240,other,239,101,267,129
82_png.rf.eccc878c7bc3f4bbebd6306f9abd3836.jpg,320,240,other,156,120,172,137
82_png.rf.eccc878c7bc3f4bbebd6306f9abd3836.jpg,320,240,other,122,130,135,146
82_png.rf.eccc878c7bc3f4bbebd6306f9abd3836.jpg,320,240,other,181,100,205,121
82_png.rf.eccc878c7bc3f4bbebd6306f9abd3836.jpg,320,240,other,282,43,319,118
82_png.rf.eccc878c7bc3f4bbebd6306f9abd3836.jpg,320,240,other,232,91,247,106
82_png.rf.eccc878c7bc3f4bbebd6306f9abd3836.jpg,320,240,other,176,114,191,132
82_png.rf.eccc878c7bc3f4bbebd6306f9abd3836.jpg,320,240,truck,19,130,115,177
83_png.rf.53e7a40ecc8cc3fc068d230fbc49e6a3.jpg,320,240,motorcycle,18,203,57,239
83_png.rf.53e7a40ecc8cc3fc068d230fbc49e6a3.jpg,320,240,other,131,202,155,239
83_png.rf.53e7a40ecc8cc3fc068d230fbc49e6a3.jpg,320,240,other,159,121,202,163
83_png.rf.53e7a40ecc8cc3fc068d230fbc49e6a3.jpg,320,240,other,105,132,146,167
83_png.rf.53e7a40ecc8cc3fc068d230fbc49e6a3.jpg,320,240,other,54,131,101,172
83_png.rf.53e7a40ecc8cc3fc068d230fbc49e6a3.jpg,320,240,other,19,221,56,239
83_png.rf.53e7a40ecc8cc3fc068d230fbc49e6a3.jpg,320,240,other,239,102,270,129
83_png.rf.53e7a40ecc8cc3fc068d230fbc49e6a3.jpg,320,240,other,209,79,245,123
83_png.rf.53e7a40ecc8cc3fc068d230fbc49e6a3.jpg,320,240,other,87,120,125,155
83_png.rf.53e7a40ecc8cc3fc068d230fbc49e6a3.jpg,320,240,other,279,44,319,112
83_png.rf.53e7a40ecc8cc3fc068d230fbc49e6a3.jpg,320,240,other,181,106,204,124
83_png.rf.53e7a40ecc8cc3fc068d230fbc49e6a3.jpg,320,240,other,116,113,143,136
83_png.rf.53e7a40ecc8cc3fc068d230fbc49e6a3.jpg,320,240,other,162,110,184,128
83_png.rf.53e7a40ecc8cc3fc068d230fbc49e6a3.jpg,320,240,truck,53,77,274,171
83_png.rf.53e7a40ecc8cc3fc068d230fbc49e6a3.jpg,320,240,truck,208,78,273,129
84_png.rf.c5e30bf6ae5645848239b35e8d78901a.jpg,320,240,motorcycle,111,217,140,239
84_png.rf.c5e30bf6ae5645848239b35e8d78901a.jpg,320,240,other,36,177,61,212
84_png.rf.c5e30bf6ae5645848239b35e8d78901a.jpg,320,240,other,64,90,170,211
84_png.rf.c5e30bf6ae5645848239b35e8d78901a.jpg,320,240,other,0,155,39,229
84_png.rf.c5e30bf6ae5645848239b35e8d78901a.jpg,320,240,other,225,111,239,134
84_png.rf.c5e30bf6ae5645848239b35e8d78901a.jpg,320,240,other,210,78,241,121
84_png.rf.c5e30bf6ae5645848239b35e8d78901a.jpg,320,240,other,239,101,266,129
84_png.rf.c5e30bf6ae5645848239b35e8d78901a.jpg,320,240,other,182,99,204,122
84_png.rf.c5e30bf6ae5645848239b35e8d78901a.jpg,320,240,other,164,123,184,169
85_png.rf.18637ed1a508e8214c0cc6083fc47b47.jpg,320,240,motorcycle,147,146,169,195
85_png.rf.18637ed1a508e8214c0cc6083fc47b47.jpg,320,240,other,0,97,72,239
85_png.rf.18637ed1a508e8214c0cc6083fc47b47.jpg,320,240,other,150,165,168,196
85_png.rf.18637ed1a508e8214c0cc6083fc47b47.jpg,320,240,other,158,129,194,157
85_png.rf.18637ed1a508e8214c0cc6083fc47b47.jpg,320,240,other,66,158,115,202
85_png.rf.18637ed1a508e8214c0cc6083fc47b47.jpg,320,240,other,202,105,228,128
85_png.rf.18637ed1a508e8214c0cc6083fc47b47.jpg,320,240,other,64,129,95,162
85_png.rf.18637ed1a508e8214c0cc6083fc47b47.jpg,320,240,other,173,117,202,138
85_png.rf.18637ed1a508e8214c0cc6083fc47b47.jpg,320,240,other,230,103,269,134
85_png.rf.18637ed1a508e8214c0cc6083fc47b47.jpg,320,240,other,129,117,159,145
85_png.rf.18637ed1a508e8214c0cc6083fc47b47.jpg,320,240,other,148,110,173,133
85_png.rf.18637ed1a508e8214c0cc6083fc47b47.jpg,320,240,other,136,127,149,147
85_png.rf.18637ed1a508e8214c0cc6083fc47b47.jpg,320,240,other,170,101,195,124
85_png.rf.18637ed1a508e8214c0cc6083fc47b47.jpg,320,240,other,129,89,270,156
85_png.rf.18637ed1a508e8214c0cc6083fc47b47.jpg,320,240,other,191,99,210,119
86_png.rf.bd60638ef007c9857239db917fd430ef.jpg,320,240,other,99,186,128,233
86_png.rf.bd60638ef007c9857239db917fd430ef.jpg,320,240,other,148,165,168,195
86_png.rf.bd60638ef007c9857239db917fd430ef.jpg,320,240,other,0,166,87,239
86_png.rf.bd60638ef007c9857239db917fd430ef.jpg,320,240,other,59,139,121,189
86_png.rf.bd60638ef007c9857239db917fd430ef.jpg,320,240,other,206,99,229,122
86_png.rf.bd60638ef007c9857239db917fd430ef.jpg,320,240,other,151,125,186,154
86_png.rf.bd60638ef007c9857239db917fd430ef.jpg,320,240,other,106,134,142,171
86_png.rf.bd60638ef007c9857239db917fd430ef.jpg,320,240,other,125,112,157,141
86_png.rf.bd60638ef007c9857239db917fd430ef.jpg,320,240,other,173,100,196,121
86_png.rf.bd60638ef007c9857239db917fd430ef.jpg,320,240,other,59,123,102,153
86_png.rf.bd60638ef007c9857239db917fd430ef.jpg,320,240,other,237,102,263,129
86_png.rf.bd60638ef007c9857239db917fd430ef.jpg,320,240,other,0,192,27,239
86_png.rf.bd60638ef007c9857239db917fd430ef.jpg,320,240,other,225,99,244,122
86_png.rf.bd60638ef007c9857239db917fd430ef.jpg,320,240,other,191,96,209,115
86_png.rf.bd60638ef007c9857239db917fd430ef.jpg,320,240,other,243,118,257,143
86_png.rf.bd60638ef007c9857239db917fd430ef.jpg,320,240,truck,0,83,274,238
87_png.rf.936cf9ef3c63470175648b66003b61da.jpg,320,240,motorcycle,252,101,274,126
87_png.rf.936cf9ef3c63470175648b66003b61da.jpg,320,240,motorcycle,253,108,266,124
87_png.rf.936cf9ef3c63470175648b66003b61da.jpg,320,240,other,9,149,63,188
87_png.rf.936cf9ef3c63470175648b66003b61da.jpg,320,240,other,75,150,147,214
87_png.rf.936cf9ef3c63470175648b66003b61da.jpg,320,240,other,123,113,187,163
87_png.rf.936cf9ef3c63470175648b66003b61da.jpg,320,240,other,199,105,222,125
87_png.rf.936cf9ef3c63470175648b66003b61da.jpg,320,240,other,76,125,114,159
87_png.rf.936cf9ef3c63470175648b66003b61da.jpg,320,240,other,230,85,259,118
87_png.rf.936cf9ef3c63470175648b66003b61da.jpg,320,240,other,177,100,198,119
87_png.rf.936cf9ef3c63470175648b66003b61da.jpg,320,240,other,302,106,319,123
87_png.rf.936cf9ef3c63470175648b66003b61da.jpg,320,240,other,201,92,226,111
87_png.rf.936cf9ef3c63470175648b66003b61da.jpg,320,240,truck,73,110,187,213
88_png.rf.3c06eb8d6e86288e380177d03aff4a19.jpg,320,240,motorcycle,152,140,187,185
88_png.rf.3c06eb8d6e86288e380177d03aff4a19.jpg,320,240,other,159,151,180,182
88_png.rf.3c06eb8d6e86288e380177d03aff4a19.jpg,320,240,other,85,95,151,173
88_png.rf.3c06eb8d6e86288e380177d03aff4a19.jpg,320,240,other,3,159,96,239
88_png.rf.3c06eb8d6e86288e380177d03aff4a19.jpg,320,240,other,157,115,192,155
88_png.rf.3c06eb8d6e86288e380177d03aff4a19.jpg,320,240,other,240,98,270,124
88_png.rf.3c06eb8d6e86288e380177d03aff4a19.jpg,320,240,truck,3,93,152,237
89_png.rf.63c61b3215a2be9b93d63a4e4a607430.jpg,320,240,motorcycle,0,159,10,215
89_png.rf.63c61b3215a2be9b93d63a4e4a607430.jpg,320,240,motorcycle,0,152,5,212
89_png.rf.63c61b3215a2be9b93d63a4e4a607430.jpg,320,240,other,65,132,130,205
89_png.rf.63c61b3215a2be9b93d63a4e4a607430.jpg,320,240,other,226,102,254,129
89_png.rf.63c61b3215a2be9b93d63a4e4a607430.jpg,320,240,other,166,108,192,131
89_png.rf.63c61b3215a2be9b93d63a4e4a607430.jpg,320,240,other,211,86,242,122
89_png.rf.63c61b3215a2be9b93d63a4e4a607430.jpg,320,240,other,0,180,6,213
89_png.rf.63c61b3215a2be9b93d63a4e4a607430.jpg,320,240,other,51,126,78,173
89_png.rf.63c61b3215a2be9b93d63a4e4a607430.jpg,320,240,other,103,118,138,149
89_png.rf.63c61b3215a2be9b93d63a4e4a607430.jpg,320,240,other,245,97,268,122
89_png.rf.63c61b3215a2be9b93d63a4e4a607430.jpg,320,240,other,188,97,212,119
89_png.rf.63c61b3215a2be9b93d63a4e4a607430.jpg,320,240,other,302,104,319,123
89_png.rf.63c61b3215a2be9b93d63a4e4a607430.jpg,320,240,other,194,103,214,121
89_png.rf.63c61b3215a2be9b93d63a4e4a607430.jpg,320,240,truck,43,107,150,213
9_png.rf.62accacf0cc4c10f01e93bb7038a2ebb.jpg,320,240,motorcycle,77,122,104,158
9_png.rf.62accacf0cc4c10f01e93bb7038a2ebb.jpg,320,240,other,136,142,195,206
9_png.rf.62accacf0cc4c10f01e93bb7038a2ebb.jpg,320,240,other,0,148,45,190
9_png.rf.62accacf0cc4c10f01e93bb7038a2ebb.jpg,320,240,other,108,126,143,152
9_png.rf.62accacf0cc4c10f01e93bb7038a2ebb.jpg,320,240,other,236,101,261,127
9_png.rf.62accacf0cc4c10f01e93bb7038a2ebb.jpg,320,240,other,179,100,203,124
9_png.rf.62accacf0cc4c10f01e93bb7038a2ebb.jpg,320,240,other,206,96,229,122
9_png.rf.62accacf0cc4c10f01e93bb7038a2ebb.jpg,320,240,other,84,132,98,153
9_png.rf.62accacf0cc4c10f01e93bb7038a2ebb.jpg,320,240,other,149,127,184,149
9_png.rf.62accacf0cc4c10f01e93bb7038a2ebb.jpg,320,240,other,148,109,174,132
9_png.rf.62accacf0cc4c10f01e93bb7038a2ebb.jpg,320,240,other,224,100,244,124
9_png.rf.62accacf0cc4c10f01e93bb7038a2ebb.jpg,320,240,other,206,88,271,127
9_png.rf.62accacf0cc4c10f01e93bb7038a2ebb.jpg,320,240,other,252,95,272,116
90_png.rf.00e464b7462063d0ff00038e532b3681.jpg,320,240,motorcycle,227,113,236,127
90_png.rf.00e464b7462063d0ff00038e532b3681.jpg,320,240,other,41,165,114,225
90_png.rf.00e464b7462063d0ff00038e532b3681.jpg,320,240,other,226,108,239,130
90_png.rf.00e464b7462063d0ff00038e532b3681.jpg,320,240,other,128,125,175,169
90_png.rf.00e464b7462063d0ff00038e532b3681.jpg,320,240,other,182,111,217,148
90_png.rf.00e464b7462063d0ff00038e532b3681.jpg,320,240,other,63,130,110,170
90_png.rf.00e464b7462063d0ff00038e532b3681.jpg,320,240,other,99,128,130,155
90_png.rf.00e464b7462063d0ff00038e532b3681.jpg,320,240,other,233,90,258,113
90_png.rf.00e464b7462063d0ff00038e532b3681.jpg,320,240,truck,40,85,258,224
91_png.rf.790f5170242b465b4acd0c021771be35.jpg,320,240,other,176,143,196,170
91_png.rf.790f5170242b465b4acd0c021771be35.jpg,320,240,other,86,151,139,193
91_png.rf.790f5170242b465b4acd0c021771be35.jpg,320,240,other,0,168,64,239
91_png.rf.790f5170242b465b4acd0c021771be35.jpg,320,240,other,69,132,116,172
91_png.rf.790f5170242b465b4acd0c021771be35.jpg,320,240,other,22,134,73,172
91_png.rf.790f5170242b465b4acd0c021771be35.jpg,320,240,other,187,114,216,139
91_png.rf.790f5170242b465b4acd0c021771be35.jpg,320,240,other,104,123,137,149
91_png.rf.790f5170242b465b4acd0c021771be35.jpg,320,240,other,143,115,171,138
91_png.rf.790f5170242b465b4acd0c021771be35.jpg,320,240,other,160,95,195,129
91_png.rf.790f5170242b465b4acd0c021771be35.jpg,320,240,other,209,145,225,172
91_png.rf.790f5170242b465b4acd0c021771be35.jpg,320,240,other,196,95,219,112
91_png.rf.790f5170242b465b4acd0c021771be35.jpg,320,240,other,165,110,189,130
91_png.rf.790f5170242b465b4acd0c021771be35.jpg,320,240,truck,0,123,139,239
91_png.rf.790f5170242b465b4acd0c021771be35.jpg,320,240,truck,0,82,265,239
92_png.rf.18d9967524c249ebb28ecc43f74c009f.jpg,320,240,motorcycle,206,127,219,146
92_png.rf.18d9967524c249ebb28ecc43f74c009f.jpg,320,240,other,0,171,88,239
92_png.rf.18d9967524c249ebb28ecc43f74c009f.jpg,320,240,other,205,119,226,148
92_png.rf.18d9967524c249ebb28ecc43f74c009f.jpg,320,240,other,121,127,170,178
92_png.rf.18d9967524c249ebb28ecc43f74c009f.jpg,320,240,other,22,149,75,178
92_png.rf.18d9967524c249ebb28ecc43f74c009f.jpg,320,240,other,240,101,266,128
92_png.rf.18d9967524c249ebb28ecc43f74c009f.jpg,320,240,other,159,113,185,135
92_png.rf.18d9967524c249ebb28ecc43f74c009f.jpg,320,240,other,187,113,212,138
92_png.rf.18d9967524c249ebb28ecc43f74c009f.jpg,320,240,other,176,103,198,125
92_png.rf.18d9967524c249ebb28ecc43f74c009f.jpg,320,240,other,204,101,230,127
92_png.rf.18d9967524c249ebb28ecc43f74c009f.jpg,320,240,other,216,121,227,140
92_png.rf.18d9967524c249ebb28ecc43f74c009f.jpg,320,240,other,282,43,319,111
92_png.rf.18d9967524c249ebb28ecc43f74c009f.jpg,320,240,other,192,97,210,116
92_png.rf.18d9967524c249ebb28ecc43f74c009f.jpg,320,240,other,225,101,244,120
92_png.rf.18d9967524c249ebb28ecc43f74c009f.jpg,320,240,truck,120,86,267,176
92_png.rf.18d9967524c249ebb28ecc43f74c009f.jpg,320,240,truck,0,84,272,239
93_png.rf.8a105ff2f7fedc9989356a2e4515b289.jpg,320,240,motorcycle,189,119,220,158
93_png.rf.8a105ff2f7fedc9989356a2e4515b289.jpg,320,240,other,197,125,213,155
93_png.rf.8a105ff2f7fedc9989356a2e4515b289.jpg,320,240,other,136,131,177,163
93_png.rf.8a105ff2f7fedc9989356a2e4515b289.jpg,320,240,other,120,102,167,142
93_png.rf.8a105ff2f7fedc9989356a2e4515b289.jpg,320,240,other,215,99,237,122
93_png.rf.8a105ff2f7fedc9989356a2e4515b289.jpg,320,240,other,191,116,219,141
93_png.rf.8a105ff2f7fedc9989356a2e4515b289.jpg,320,240,other,246,99,271,122
93_png.rf.8a105ff2f7fedc9989356a2e4515b289.jpg,320,240,other,154,122,186,151
93_png.rf.8a105ff2f7fedc9989356a2e4515b289.jpg,320,240,other,178,114,200,137
93_png.rf.8a105ff2f7fedc9989356a2e4515b289.jpg,320,240,other,238,96,257,117
93_png.rf.8a105ff2f7fedc9989356a2e4515b289.jpg,320,240,other,120,113,144,141
93_png.rf.8a105ff2f7fedc9989356a2e4515b289.jpg,320,240,other,120,86,276,163
94_png.rf.0e8cce654e7f9989af29b640c95ebbe8.jpg,320,240,other,129,192,160,237
94_png.rf.0e8cce654e7f9989af29b640c95ebbe8.jpg,320,240,other,18,165,111,239
94_png.rf.0e8cce654e7f9989af29b640c95ebbe8.jpg,320,240,other,93,143,143,179
94_png.rf.0e8cce654e7f9989af29b640c95ebbe8.jpg,320,240,other,211,114,246,148
94_png.rf.0e8cce654e7f9989af29b640c95ebbe8.jpg,320,240,other,0,173,33,237
94_png.rf.0e8cce654e7f9989af29b640c95ebbe8.jpg,320,240,other,132,120,175,162
94_png.rf.0e8cce654e7f9989af29b640c95ebbe8.jpg,320,240,other,164,88,209,125
94_png.rf.0e8cce654e7f9989af29b640c95ebbe8.jpg,320,240,other,81,124,121,158
94_png.rf.0e8cce654e7f9989af29b640c95ebbe8.jpg,320,240,other,158,149,175,177
94_png.rf.0e8cce654e7f9989af29b640c95ebbe8.jpg,320,240,other,168,119,193,145
94_png.rf.0e8cce654e7f9989af29b640c95ebbe8.jpg,320,240,truck,0,79,278,239
95_png.rf.249c4ecf4adcd6a79347c3cc8477ac71.jpg,320,240,motorcycle,129,148,165,196
95_png.rf.249c4ecf4adcd6a79347c3cc8477ac71.jpg,320,240,other,134,160,159,194
95_png.rf.249c4ecf4adcd6a79347c3cc8477ac71.jpg,320,240,other,54,126,97,165
95_png.rf.249c4ecf4adcd6a79347c3cc8477ac71.jpg,320,240,other,0,141,33,188
95_png.rf.249c4ecf4adcd6a79347c3cc8477ac71.jpg,320,240,other,107,120,140,147
95_png.rf.249c4ecf4adcd6a79347c3cc8477ac71.jpg,320,240,other,227,99,270,138
95_png.rf.249c4ecf4adcd6a79347c3cc8477ac71.jpg,320,240,other,183,107,211,133
95_png.rf.249c4ecf4adcd6a79347c3cc8477ac71.jpg,320,240,other,147,106,173,131
95_png.rf.249c4ecf4adcd6a79347c3cc8477ac71.jpg,320,240,other,283,44,319,110
95_png.rf.249c4ecf4adcd6a79347c3cc8477ac71.jpg,320,240,other,122,112,155,139
95_png.rf.249c4ecf4adcd6a79347c3cc8477ac71.jpg,320,240,other,180,132,199,157
95_png.rf.249c4ecf4adcd6a79347c3cc8477ac71.jpg,320,240,other,167,105,188,125
95_png.rf.249c4ecf4adcd6a79347c3cc8477ac71.jpg,320,240,other,140,120,157,142
